sequence	MST-78x1.0
ECDC_AT13_479	G008
ECDC_AT13_480	G008
ECDC_AT13_481	G008
ECDC_AT13_482	G003
ECDC_AT13_483	G029
ECDC_AT13_484	G022
ECDC_AT13_485	G050
ECDC_AT13_486	G004
ECDC_AT13_487	G055
ECDC_AT13_488	G056
ECDC_AT13_489	G008
ECDC_AT13_490	G005
ECDC_AT13_491	G009
ECDC_AT13_493	G002
ECDC_AT13_494	G009
ECDC_AT13_495	G015
ECDC_AT13_496	G008
ECDC_AT13_497	G029
ECDC_AT13_498	G029
ECDC_AT13_499	G005
ECDC_AT13_500	G002
ECDC_AT13_501	G021
ECDC_AT13_502	G005
ECDC_AT13_503	G009
ECDC_AT13_504	G002
ECDC_AT13_505	G009
ECDC_AT13_506	G002
ECDC_AT13_507	G005
ECDC_AT13_508	G029
ECDC_AT13_509	G088
ECDC_AT13_510	G008
ECDC_AT13_511	G002
ECDC_AT13_512	G008
ECDC_AT13_513	G002
ECDC_AT13_514	G002
ECDC_AT13_515	G021
ECDC_AT13_516	G088
ECDC_AT13_517	G004
ECDC_AT13_518	G015
ECDC_AT13_519	G009
ECDC_AT13_520	G001
ECDC_AT13_521	G008
ECDC_AT13_522	G029
ECDC_AT13_523	G008
ECDC_AT13_524	G024
ECDC_AT13_525	G008
ECDC_AT13_526	G005
ECDC_AT13_527	G008
ECDC_AT13_528	G008
ECDC_AT13_529	G029
ECDC_AT13_530	G029
ECDC_AT13_531	G002
ECDC_AT13_532	G008
ECDC_AT13_533	G022
ECDC_AT13_534	G022
ECDC_BE13_444	G002
ECDC_BE13_445	G002
ECDC_BE13_446	G014
ECDC_BE13_447	G004
ECDC_BE13_448	G085
ECDC_BE13_449	G005
ECDC_BE13_450	G014
ECDC_BE13_451	G015
ECDC_BE13_452	G002
ECDC_BE13_453	G006
ECDC_BE13_454	G015
ECDC_BE13_455	G015
ECDC_BE13_456	G008
ECDC_BE13_457	G139
ECDC_BE13_458	G035
ECDC_BE13_459	G002
ECDC_BE13_460	G001
ECDC_BE13_461	G001
ECDC_BE13_462	G001
ECDC_BE13_463	G010
ECDC_BE13_465	G009
ECDC_BE13_466	G001
ECDC_BE13_467	G085
ECDC_BE13_468	G002
ECDC_BE13_469	G017
ECDC_BE13_470	G014
ECDC_BE13_471	G014
ECDC_BE13_472	G010
ECDC_BE13_473	G001
ECDC_BE13_474	G015
ECDC_BE13_475	G015
ECDC_BE13_476	G121
ECDC_BE13_477	G002
ECDC_BE13_478	G002
ECDC_BE13_479	G001
ECDC_BE13_480	G015
ECDC_BE13_481	G015
ECDC_BE13_482	G004
ECDC_BE13_483	G004
ECDC_BE13_484	G002
ECDC_BE13_485	G002
ECDC_BE13_486	G014
ECDC_BE13_487	G037
ECDC_BE13_488	G008
ECDC_BE13_489	G001
ECDC_BE13_490	G085
ECDC_BE13_491	G001
ECDC_BE13_492	G001
ECDC_BE13_493	G004
ECDC_BE13_494	G015
ECDC_BE13_495	G001
ECDC_BE13_496	G010
ECDC_BE13_497	G039
ECDC_BE13_498	G002
ECDC_BE13_499	G009
ECDC_CY13_002	G002
ECDC_CY13_003	G002
ECDC_CY13_004	G002
ECDC_CY13_005	G055
ECDC_CY13_006	G104
ECDC_CY13_007	G002
ECDC_CY13_009	G002
ECDC_CY13_010	G002
ECDC_DK13_454	G041
ECDC_DK13_455	G041
ECDC_DK13_456	G004
ECDC_DK13_457	G002
ECDC_DK13_458	G008
ECDC_DK13_459	G157
ECDC_DK13_460	G014
ECDC_DK13_461	G017
ECDC_DK13_462	G001
ECDC_DK13_463	G001
ECDC_DK13_464	G008
ECDC_DK13_465	G004
ECDC_DK13_466	G002
ECDC_DK13_467	G004
ECDC_DK13_468	G157
ECDC_DK13_469	G012
ECDC_DK13_470	G002
ECDC_DK13_471	G041
ECDC_DK13_472	G102
ECDC_DK13_473	G042
ECDC_DK13_475	G041
ECDC_DK13_476	G002
ECDC_DK13_477	G008
ECDC_DK13_478	G002
ECDC_DK13_479	G002
ECDC_DK13_480	G003
ECDC_DK13_482	G002
ECDC_DK13_483	G001
ECDC_DK13_484	G005
ECDC_DK13_485	G001
ECDC_DK13_486	G008
ECDC_DK13_487	G001
ECDC_DK13_488	G041
ECDC_DK13_489	G001
ECDC_DK13_490	G012
ECDC_DK13_491	G008
ECDC_DK13_492	G004
ECDC_DK13_493	G041
ECDC_DK13_494	G002
ECDC_DK13_495	G002
ECDC_DK13_496	G008
ECDC_DK13_497	G041
ECDC_DK13_498	G002
ECDC_DK13_499	G005
ECDC_DK13_500	G041
ECDC_DK13_501	G041
ECDC_DK13_502	G002
ECDC_DK13_503	G041
ECDC_DK13_504	G001
ECDC_DK13_505	G016
ECDC_DK13_506	G001
ECDC_DK13_507	G041
ECDC_DK13_508	G002
ECDC_DK13_509	G115
ECDC_DK13_510	G176
ECDC_FR13_056	G014
ECDC_FR13_057	G001
ECDC_FR13_059	G004
ECDC_FR13_060	G004
ECDC_FR13_062	G027
ECDC_FR13_063	G027
ECDC_FR13_064	G027
ECDC_FR13_065	G004
ECDC_FR13_066	G035
ECDC_FR13_067	G140
ECDC_FR13_068	G154
ECDC_FR13_069	G002
ECDC_FR13_070	G016
ECDC_FR13_071	G005
ECDC_FR13_072	G004
ECDC_FR13_073	G002
ECDC_FR13_074	G006
ECDC_FR13_075	G016
ECDC_FR13_076	G004
ECDC_FR13_077	G005
ECDC_FR13_078	G035
ECDC_FR13_079	G003
ECDC_FR13_080	G017
ECDC_FR13_081	G016
ECDC_FR13_082	G003
ECDC_FR13_083	G032
ECDC_FR13_084	G002
ECDC_FR13_085	G136
ECDC_FR13_086	G011
ECDC_FR13_087	G014
ECDC_FR13_088	G016
ECDC_FR13_089	G001
ECDC_FR13_090	G016
ECDC_FR13_091	G037
ECDC_FR13_092	G009
ECDC_FR13_093	G021
ECDC_FR13_094	G001
ECDC_FR13_095	G020
ECDC_FR13_096	G011
ECDC_FR13_097	G016
ECDC_FR13_098	G013
ECDC_FR13_099	G019
ECDC_FR13_100	G016
ECDC_FR13_101	G014
ECDC_FR13_102	G002
ECDC_FR13_103	G009
ECDC_FR13_104	G019
ECDC_FR13_105	G001
ECDC_FR13_106	G042
ECDC_FR13_107	G005
ECDC_FR13_108	G042
ECDC_FR13_109	G002
ECDC_FR13_110	G008
ECDC_FR13_111	G004
ECDC_FR13_112	G001
ECDC_FR13_113	G009
ECDC_GE13_056	G125
ECDC_GE13_057	G002
ECDC_GE13_058	G002
ECDC_GE13_059	G002
ECDC_GE13_062	G002
ECDC_GE13_063	G015
ECDC_GE13_064	G002
ECDC_GE13_065	G001
ECDC_GE13_066	G002
ECDC_GE13_067	G002
ECDC_GE13_068	G126
ECDC_GE13_071	G001
ECDC_GE13_072	G001
ECDC_GE13_073	G002
ECDC_GE13_074	G002
ECDC_GE13_075	G002
ECDC_GE13_076	G004
ECDC_GE13_077	G002
ECDC_GE13_078	G008
ECDC_GE13_079	G009
ECDC_GE13_080	G009
ECDC_GE13_081	G001
ECDC_GE13_082	G013
ECDC_GE13_083	G013
ECDC_GE13_084	G001
ECDC_GE13_085	G002
ECDC_GE13_086	G001
ECDC_GE13_087	G001
ECDC_GE13_088	G014
ECDC_GE13_089	G001
ECDC_GE13_090	G015
ECDC_GE13_092	G009
ECDC_GE13_093	G003
ECDC_GE13_094	G055
ECDC_GE13_095	G003
ECDC_GE13_096	G009
ECDC_GE13_098	G035
ECDC_GE13_099	G022
ECDC_GE13_100	G001
ECDC_GE13_102	G015
ECDC_GE13_104	G001
ECDC_GE13_105	G008
ECDC_GE13_106	G001
ECDC_GE13_107	G021
ECDC_GE13_108	G021
ECDC_GE13_109	G001
ECDC_GE13_111	G021
ECDC_GR13026	G046
ECDC_GR13027	G002
ECDC_GR13028	G002
ECDC_GR13029	G005
ECDC_GR13030	G005
ECDC_GR13031	G005
ECDC_GR13032	G002
ECDC_GR13033	G002
ECDC_GR13034	G046
ECDC_GR13035	G002
ECDC_GR13036	G002
ECDC_GR13037	G004
ECDC_GR13038	G023
ECDC_GR13039	G046
ECDC_GR13040	G005
ECDC_GR13041	G002
ECDC_GR13043	G002
ECDC_GR13044	G002
ECDC_GR13045	G002
ECDC_GR13046	G002
ECDC_GR13047	G023
ECDC_GR13048	G002
ECDC_GR13049	G005
ECDC_GR13050	G005
ECDC_GR13051	G002
ECDC_GR13052	G046
ECDC_GR13053	G002
ECDC_GR13054	G008
ECDC_GR13055	G005
ECDC_GR13056	G175
ECDC_GR13057	G006
ECDC_GR13058	G001
ECDC_GR13059	G023
ECDC_GR13060	G012
ECDC_GR13061	G005
ECDC_GR13062	G010
ECDC_GR13064	G006
ECDC_GR13065	G012
ECDC_GR13066	G046
ECDC_GR13067	G006
ECDC_GR13068	G005
ECDC_GR13069	G141
ECDC_GR13070	G011
ECDC_GR13071	G023
ECDC_GR13072	G002
ECDC_GR13073	G005
ECDC_GR13074	G010
ECDC_GR13075	G010
ECDC_HU13_044	G002
ECDC_HU13_047	G008
ECDC_HU13_048	G015
ECDC_HU13_049	G002
ECDC_HU13_050	G008
ECDC_HU13_052	G001
ECDC_HU13_053	G001
ECDC_HU13_055	G002
ECDC_HU13_056	G064
ECDC_HU13_057	G002
ECDC_HU13_058	G002
ECDC_HU13_059	G005
ECDC_HU13_060	G002
ECDC_HU13_061	G015
ECDC_HU13_062	G015
ECDC_HU13_063	G002
ECDC_HU13_064	G001
ECDC_HU13_065	G002
ECDC_HU13_066	G001
ECDC_HU13_067	G002
ECDC_HU13_068	G001
ECDC_HU13_069	G002
ECDC_HU13_070	G005
ECDC_HU13_071	G064
ECDC_HU13_072	G064
ECDC_HU13_073	G002
ECDC_HU13_076	G009
ECDC_HU13_077	G001
ECDC_HU13_078	G015
ECDC_HU13_079	G008
ECDC_HU13_080	G004
ECDC_HU13_082	G005
ECDC_HU13_083	G002
ECDC_HU13_084	G002
ECDC_HU13_086	G002
ECDC_HU13_087	G004
ECDC_HU13_088	G020
ECDC_HU13_089	G002
ECDC_HU13_090	G002
ECDC_HU13_091	G002
ECDC_HU13_092	G002
ECDC_HU13_093	G005
ECDC_HU13_094	G004
ECDC_HU13_095	G001
ECDC_HU13_096	G002
ECDC_HU13_097	G009
ECDC_HU13_098	G002
ECDC_1807138	G004
ECDC_1820983	G006
ECDC_1820984	G071
ECDC_1830458	G021
ECDC_1836157	G001
NGSJH1	G002
NGSJH10	G001
NGSJH11	G001
NGSJH12	G004
NGSJH13	G010
NGSJH14	G001
NGSJH16	G106
NGSJH17	G004
NGSJH19	G179
NGSJH2	G013
NGSJH4	G001
NGSJH7	G001
NGSJH8	G006
NGSJH9	G002
NGRL_166587	G001
NGRL_168628	G027
NGRL_176561	G002
NGRL_177574	G027
NGRL_178487	G001
NGRL_178526	G002
NGRL_178575	G001
NGRL_179411	G001
NGRL_179501	G002
NGRL_180505	G001
NGRL_181798	G001
NGRL_190440	G008
NGRL_191262	G002
NGRL_191587	G001
NGRL_193058	G004
NGRL_193852	G001
NGRL_194698	G002
NGRL_196712	G001
NGRL_197747	G004
NGRL_199856	G001
NGRL_286088	G002
NGRL_41277	G001
NGRL_420132	G117
NGRL_422102	G002
NGRL_422322	G014
NGRL_422671	G002
NGRL_425204	G020
NGRL_425657	G004
NGRL_501373	G002
NGRL_67818	G004
NGRL_68931	G002
NGRL_71324	G008
NGRL_76972	G002
NGRL_81513	G002
NGRL_82432	G122
NGRL_86606	G001
NGRL_UHW16	G002
NGRL_UHW24	G002
NGRL_UHW35	G002
NGRL_UHW39	G160
NGRL_UHW6	G001
NGRL_UHW8	G014
NGRL_UHW9	G002
ECDC_IT2908	G082
ECDC_IT2914	G002
ECDC_IT2916	G002
ECDC_IT2920	G008
ECDC_IT2921	G004
ECDC_IT2922	G008
ECDC_IT2923	G004
ECDC_IT2924	G014
ECDC_IT2925	G004
ECDC_IT2926	G001
ECDC_IT2927	G015
ECDC_IT2929	G082
ECDC_IT2930	G082
ECDC_IT2931	G001
ECDC_IT2933	G001
ECDC_IT2934	G001
ECDC_IT2935	G001
ECDC_IT2936	G014
ECDC_IT2937	G002
ECDC_IT2938	G001
ECDC_IT2939	G004
ECDC_IT2940	G014
ECDC_IT2941	G004
ECDC_IT2943	G001
ECDC_IT2944	G005
ECDC_IT2945	G004
ECDC_IT2951	G004
ECDC_IT2952	G002
ECDC_IT2953	G014
ECDC_IT2954	G004
ECDC_IT2955	G001
ECDC_IT2956	G002
ECDC_IT2957	G004
ECDC_IT2958	G014
ECDC_IT2959	G004
ECDC_IT2960	G002
ECDC_IT2961	G008
ECDC_IT2962	G002
ECDC_IT2964	G004
ECDC_IT2965	G004
ECDC_IT2967	G002
ECDC_IT2968	G002
ECDC_IT2969	G014
ECDC_IT2970	G002
ECDC_IT2972	G001
ECDC_IT2974	G001
ECDC_IT2975	G006
ECDC_IT2979	G004
ECDC_IT2980	G001
ECDC_LV13_001	G006
ECDC_LV13_003	G170
ECDC_LV13_004	G006
ECDC_LV13_005	G006
ECDC_LV13_006	G022
ECDC_LV13_007	G006
ECDC_LV13_008	G006
ECDC_LV13_009	G006
ECDC_LV13_010	G006
ECDC_LV13_011	G006
ECDC_LV13_012	G170
ECDC_LV13_013	G002
ECDC_LV13_014	G002
ECDC_LV13_015	G170
ECDC_LV13_016	G006
ECDC_LV13_017	G002
ECDC_LV13_018	G006
ECDC_LV13_019	G002
ECDC_LV13_020	G006
ECDC_LV13_021	G006
ECDC_LV13_022	G001
ECDC_LV13_023	G058
ECDC_LV13_024	G170
ECDC_LV13_025	G024
ECDC_LV13_026	G001
ECDC_LV13_027	G001
ECDC_LV13_028	G170
ECDC_LV13_029	G006
ECDC_LV13_030	G002
ECDC_LV13_031	G006
ECDC_LV13_032	G006
ECDC_LV13_033	G058
ECDC_LV13_034	G006
ECDC_LV13_035	G022
ECDC_LV13_036	G022
ECDC_LV13_037	G006
ECDC_LV13_038	G022
ECDC_LV13_039	G006
ECDC_MT13_001	G001
ECDC_MT13_002	G173
ECDC_MT13_003	G002
ECDC_MT13_008	G040
ECDC_MT13_009	G001
ECDC_MT13_010	G173
ECDC_MT13_012	G001
ECDC_MT13_013	G001
ECDC_MT13_015	G001
ECDC_MT13_016	G059
ECDC_MT13_017	G002
ECDC_MT13_019	G002
ECDC_MT13_020	G002
ECDC_MT13_021	G001
ECDC_MT13_022	G001
ECDC_MT13_025	G001
ECDC_MT13_026	G059
ECDC_MT13_028	G001
ECDC_MT13_030	G001
ECDC_MT13_031	G001
ECDC_NL1	G006
ECDC_NL10	G056
ECDC_NL13	G004
ECDC_NL14	G001
ECDC_NL15	G004
ECDC_NL16	G001
ECDC_NL17	G002
ECDC_NL18	G009
ECDC_NL2	G001
ECDC_NL20	G002
ECDC_NL21	G004
ECDC_NL22	G001
ECDC_NL23	G006
ECDC_NL24	G024
ECDC_NL25	G061
ECDC_NL26	G010
ECDC_NL27	G001
ECDC_NL28	G001
ECDC_NL29	G001
ECDC_NL3	G001
ECDC_NL30	G010
ECDC_NL31	G001
ECDC_NL32	G004
ECDC_NL33	G006
ECDC_NL35	G014
ECDC_NL36	G009
ECDC_NL37	G014
ECDC_NL38	G017
ECDC_NL39	G006
ECDC_NL4	G004
ECDC_NL41	G011
ECDC_NL42	G015
ECDC_NL43	G001
ECDC_NL44	G030
ECDC_NL45	G010
ECDC_NL47	G006
ECDC_NL49	G021
ECDC_NL5	G006
ECDC_NL54	G004
ECDC_NL57	G030
ECDC_NL6	G003
ECDC_NL60	G003
ECDC_NL62	G002
ECDC_NL63	G002
ECDC_NL65	G003
ECDC_NL68	G011
ECDC_NL69	G003
ECDC_NL7	G004
ECDC_NL70	G048
ECDC_NL71	G006
ECDC_NL72	G001
ECDC_NL74	G004
ECDC_NL75	G004
ECDC_NL78	G174
ECDC_NL79	G004
ECDC_NL8	G009
ECDC_NL81	G004
ECDC_NL82	G001
ECDC_NL84	G011
ECDC_NL85	G004
ECDC_NL86	G010
ECDC_NL87	G039
ECDC_NL89	G001
ECDC_NL9	G014
Netherlands-104	G001
Netherlands-116	G030
Netherlands-136	G010
Netherlands-158	G002
Netherlands-191	G001
Netherlands-205	G005
Netherlands-219	G005
Netherlands-227	G013
Netherlands-28	G001
Netherlands-29	G001
Netherlands-3	G006
Netherlands-354	G001
Netherlands-397	G010
Netherlands-400	G162
Netherlands-416	G001
Netherlands-502	G001
Netherlands-52	G004
Netherlands-69	G001
Netherlands-95	G001
ECDC_GC_058	G002
ECDC_GC_059	G002
ECDC_GC_060	G001
ECDC_GC_061	G009
ECDC_GC_062	G002
ECDC_GC_063	G002
ECDC_GC_064	G002
ECDC_GC_065	G014
ECDC_GC_066	G004
ECDC_GC_067	G001
ECDC_GC_068	G009
ECDC_GC_069	G004
ECDC_GC_070	G151
ECDC_GC_071	G004
ECDC_GC_072	G004
ECDC_GC_073	G081
ECDC_GC_074	G114
ECDC_GC_075	G002
ECDC_GC_076	G001
ECDC_GC_077	G004
ECDC_GC_078	G009
ECDC_GC_079	G001
ECDC_GC_080	G001
ECDC_GC_081	G014
ECDC_GC_082	G081
ECDC_GC_083	G075
ECDC_GC_084	G057
ECDC_GC_085	G002
ECDC_GC_086	G163
ECDC_GC_087	G119
ECDC_GC_088	G096
ECDC_GC_089	G002
ECDC_GC_090	G035
ECDC_GC_091	G001
ECDC_GC_092	G005
ECDC_GC_093	G004
ECDC_GC_094	G060
ECDC_GC_095	G018
ECDC_GC_096	G002
ECDC_GC_097	G008
ECDC_GC_098	G022
ECDC_GC_099	G009
ECDC_GC_100	G002
ECDC_GC_101	G057
ECDC_GC_102	G005
ECDC_GC_103	G008
ECDC_GC_104	G050
ECDC_GC_105	G005
ECDC_GC_106	G111
ECDC_GC_107	G039
ECDC_GC_108	G013
ECDC_GC_109	G004
ECDC_GC_110	G005
ECDC_GC_111	G002
ECDC_GC_112	G002
NGPT03001	G033
NGPT03002	G026
NGPT03003	G062
NGPT03004	G018
NGPT03005	G018
NGPT03006	G062
NGPT03007	G026
NGPT03008	G012
NGPT03009	G026
NGPT03010	G001
NGPT03011	G012
NGPT03013	G013
NGPT03014	G166
NGPT03015	G078
NGPT03016	G078
NGPT03017	G076
NGPT04001	G026
NGPT04002	G034
NGPT04003	G026
NGPT04004	G013
NGPT04005	G072
NGPT04007	G032
NGPT04009	G012
NGPT04010	G051
NGPT04011	G051
NGPT04012	G012
NGPT04013	G033
NGPT04014	G034
NGPT04015	G012
NGPT04016	G062
NGPT04017	G026
NGPT05002	G005
NGPT05005	G074
NGPT05006	G145
NGPT05007	G001
NGPT05008	G001
NGPT05009	G010
NGPT05010	G051
NGPT05012	G018
NGPT05013	G005
NGPT05014	G013
NGPT05015	G005
NGPT05018	G019
NGPT05019	G010
NGPT05020	G013
NGPT05021	G005
NGPT05022	G005
NGPT05023	G013
NGPT05024	G145
NGPT05025	G013
NGPT05026	G010
NGPT06001	G026
NGPT06003	G005
NGPT06004	G012
NGPT06005	G013
NGPT06006	G006
NGPT06007	G010
NGPT06008	G012
NGPT06009	G074
NGPT06010	G005
NGPT06011	G006
NGPT06013	G005
NGPT06014	G013
NGPT06015	G005
NGPT06016	G065
NGPT06017	G012
NGPT06018	G012
NGPT06019	G012
NGPT06020	G005
NGPT06021	G005
NGPT06022	G005
NGPT06023	G013
NGPT06024	G005
NGPT06025	G013
NGPT06026	G013
NGPT06027	G002
NGPT06028	G001
NGPT07001	G005
NGPT07002	G005
NGPT07003	G002
NGPT07013	G005
NGPT07015	G090
NGPT07016	G005
NGPT07018	G005
NGPT07019	G005
NGPT07020	G005
NGPT07021	G006
NGPT07024	G002
NGPT07025	G006
NGPT07030	G006
NGPT07034	G013
NGPT07036	G001
NGPT07041	G005
NGPT07042	G013
NGPT07044	G005
NGPT07046	G005
NGPT07050	G005
NGPT07054	G005
NGPT07059	G006
NGPT07060	G006
NGPT07062	G005
NGPT07065	G005
NGPT07066	G005
NGPT07068	G005
NGPT07069	G002
NGPT07072	G005
NGPT07075	G005
NGPT07076	G002
NGPT07077	G012
NGPT07078	G005
NGPT08007	G010
NGPT08008	G012
NGPT08009	G006
NGPT08011	G002
NGPT08013	G019
NGPT08014	G013
NGPT08015	G019
NGPT08017	G002
NGPT08020	G069
NGPT08023	G005
NGPT08024	G072
NGPT08026	G002
NGPT08028	G013
NGPT08032	G001
NGPT08035	G006
NGPT08036	G019
NGPT08039	G010
NGPT08040	G005
NGPT08041	G033
NGPT08042	G019
NGPT08043	G002
NGPT08044	G005
NGPT08046	G028
NGPT08050	G002
NGPT08051	G006
NGPT08054	G002
NGPT08055	G051
NGPT08058	G019
NGPT08060	G006
NGPT08062	G013
NGPT09008	G013
NGPT09015	G026
NGPT09016	G034
NGPT09018	G002
NGPT09020	G026
NGPT09026	G002
NGPT09029	G069
NGPT09031	G019
NGPT09035	G002
NGPT09039	G019
NGPT09040	G002
NGPT09044	G019
NGPT09054	G008
NGPT09056	G008
NGPT09058	G005
NGPT09059	G008
NGPT09060	G005
NGPT09063	G002
NGPT09065	G005
NGPT09066	G002
NGPT09067	G002
NGPT09069	G013
NGPT09072	G013
NGPT09075	G020
NGPT09078	G006
NGPT09079	G005
NGPT09083	G002
NGPT09084	G002
NGPT09085	G002
NGPT10005	G005
NGPT10007	G005
NGPT10011	G006
NGPT10012	G001
NGPT10014	G002
NGPT10019	G002
NGPT10020	G002
NGPT10026	G005
NGPT10027	G005
NGPT10029	G005
NGPT10034	G001
NGPT10035	G002
NGPT10039	G005
NGPT10040	G006
NGPT10043	G002
NGPT10045	G001
NGPT10049	G008
NGPT10051	G002
NGPT10055	G044
NGPT10057	G002
NGPT10060	G002
NGPT10061	G005
NGPT10064	G059
NGPT10065	G034
NGPT10066	G002
NGPT10068	G002
NGPT10069	G168
NGPT10071	G002
NGPT10073	G002
NGPT11003	G002
NGPT11008	G005
NGPT11009	G002
NGPT11011	G006
NGPT11012	G002
NGPT11015	G002
NGPT11021	G006
NGPT11022	G002
NGPT11023	G002
NGPT11024	G002
NGPT11026	G001
NGPT11039	G002
NGPT11040	G028
NGPT11048	G002
NGPT11052	G006
NGPT11054	G002
NGPT11056	G005
NGPT11065	G002
NGPT11066	G002
NGPT11070	G002
NGPT11073	G002
NGPT11076	G002
NGPT11077	G002
NGPT11079	G002
NGPT11080	G002
NGPT11089	G006
NGPT11100	G002
NGPT11107	G006
NGPT11108	G005
NGPT12001	G047
NGPT12002	G047
NGPT12012	G005
NGPT12015	G005
NGPT12020	G002
NGPT12021	G004
NGPT12026	G002
NGPT12027	G005
NGPT12030	G002
NGPT12034	G002
NGPT12037	G002
NGPT12038	G005
NGPT12044	G002
NGPT12045	G008
NGPT12049	G063
NGPT12051	G002
NGPT12057	G002
NGPT12058	G005
NGPT12063	G004
NGPT12065	G001
NGPT12070	G002
NGPT12071	G002
NGPT12083	G001
NGPT12087	G002
NGPT12088	G002
NGPT12094	G002
NGPT12095	G004
NGPT12100	G002
NGPT12101	G004
NGPT12103	G004
NGPT12110	G001
NGPT13001	G024
NGPT13002	G011
NGPT13003	G009
NGPT13004	G008
NGPT13005	G006
NGPT13006	G004
NGPT13007	G002
NGPT13008	G047
NGPT13009	G063
NGPT13010	G006
NGPT13012	G002
NGPT13013	G001
NGPT13014	G001
NGPT13015	G004
NGPT13016	G008
NGPT13017	G001
NGPT13018	G005
NGPT13019	G012
NGPT13020	G006
NGPT13021	G001
NGPT13022	G002
NGPT13023	G019
NGPT13024	G002
NGPT13025	G049
NGPT13026	G028
NGPT13027	G003
NGPT13028	G001
NGPT13029	G003
NGPT13030	G086
NGPT13031	G061
NGPT13032	G006
NGPT13033	G006
NGPT13034	G002
NGPT13035	G028
NGPT13036	G002
NGPT13037	G015
NGPT13039	G001
NGPT13040	G008
NGPT13041	G001
NGPT13042	G011
NGPT13043	G008
NGPT13044	G017
NGPT13045	G002
NGPT13046	G002
NGPT13047	G002
NGPT13048	G001
NGPT13049	G002
NGPT13050	G002
NGPT13052	G002
NGPT13053	G002
NGPT13054	G002
NGPT13055	G002
NGPT13056	G002
NGPT13057	G001
NGPT13059	G086
NGPT13060	G131
NGPT13062	G001
NGPT13063	G002
NGPT13064	G078
NGPT13065	G002
NGPT13066	G001
NGPT13067	G006
NGPT13068	G002
NGPT13069	G028
NGPT13070	G057
NGPT13071	G017
NGPT13072	G002
NGPT13074	G047
NGPT13075	G015
NGPT13076	G001
NGPT13077	G001
NGPT13078	G004
NGPT13079	G004
NGPT13080	G031
NGPT13081	G008
NGPT13082	G001
NGPT13083	G002
NGPT13084	G002
NGPT13085	G002
NGPT13086	G001
NGPT13087	G002
NGPT13088	G003
NGPT13089	G063
NGPT13090	G002
NGPT13091	G149
NGPT13092	G002
NGPT13093	G002
NGPT13094	G008
NGPT13095	G011
NGPT13096	G004
NGPT13097	G011
NGPT13098	G008
NGPT13099	G004
NGPT13100	G120
NGPT13101	G011
NGPT13102	G006
NGPT13103	G015
NGPT13104	G014
NGPT13105	G103
NGPT13106	G003
NGPT13107	G077
NGPT13108	G017
NGPT13109	G008
NGPT13110	G001
NGPT13111	G009
NGPT13112	G005
NGPT13115	G001
NGPT13116	G001
NGPT13118	G001
NGPT14004	G001
NGPT14006	G001
NGPT14009	G001
NGPT14019	G001
NGPT14023	G002
NGPT14025	G006
NGPT14027	G001
NGPT14029	G001
NGPT14030	G014
NGPT14031	G001
NGPT14050	G001
NGPT14069	G001
NGPT14072	G002
NGPT14076	G002
NGPT14079	G001
NGPT14081	G001
NGPT14086	G001
NGPT14088	G002
NGPT14097	G002
NGPT14105	G001
NGPT14110	G001
NGPT14130	G001
NGPT14146	G004
NGPT14152	G002
NGPT14156	G001
NGPT14170	G008
NGPT14183	G006
NGPT14189	G002
NGPT14190	G001
NGPT14194	G006
NGPT15026	G002
NGPT15029	G001
NGPT15033	G002
NGPT15036	G002
NGPT15040	G001
NGPT15042	G004
NGPT15051	G001
NGPT15058	G002
NGPT15059	G040
NGPT15067	G002
NGPT15082	G001
NGPT15084	G025
NGPT15085	G025
NGPT15112	G002
NGPT15119	G002
NGPT15121	G001
NGPT15122	G002
NGPT15123	G001
NGPT15124	G002
NGPT15144	G001
NGPT15148	G123
NGPT15161	G017
NGPT15169	G002
NGPT15178	G004
NGPT15182	G001
NGPT15194	G001
NGPT15204	G017
NGPT15227	G001
NGPT15242	G002
NGPT15247	G002
NGPT16004	G002
NGPT16005	G001
NGPT16010	G002
NGPT16011	G002
NGPT16024	G002
NGPT16032	G001
NGPT16036	G001
NGPT16096	G014
NGPT16118	G002
NGPT16119	G009
NGPT16121	G002
NGPT16124	G002
NGPT16163	G016
NGPT16169	G025
NGPT16175	G009
NGPT16176	G008
NGPT16180	G002
NGPT16197	G047
NGPT16200	G004
NGPT16219	G010
NGPT16220	G010
NGPT16221	G028
NGPT16226	G002
NGPT16242	G004
NGPT16259	G004
NGPT16271	G009
NGPT16272	G002
NGPT16293	G011
NGPT16295	G009
NGPT16299	G002
NGPT17020	G048
NGPT17021	G004
NGPT17023	G005
NGPT17037	G001
NGPT17049	G040
NGPT17051	G040
NGPT17054	G001
NGPT17058	G021
NGPT17078	G001
NGPT17106	G001
NGPT17125	G001
NGPT17137	G002
NGPT17168	G001
NGPT17183	G002
NGPT17228	G016
NGPT17230	G028
NGPT17303	G016
NGPT17312	G097
NGPT17334	G079
NGPT17357	G008
NGPT17358	G077
NGPT17359	G016
NGPT17360	G008
NGPT17361	G021
NGPT17362	G049
NGPT17365	G027
NGPT17367	G006
NGPT17368	G016
NGPT17369	G079
NGPT17371	G003
NGPT17372	G027
NGPT17374	G028
NGPT17375	G001
NGPT17376	G027
NGPT17377	G019
NGPT17379	G016
NGPT17380	G009
NGPT17381	G137
NGPT17382	G016
NGPT17386	G002
NGPT17390	G002
NGPT17391	G016
NGPT17393	G008
NGPT17394	G044
NGPT17396	G001
NGPT17398	G014
NGPT17399	G001
NGPT17400	G009
NGPT17401	G027
NGPT17402	G001
NGPT17403	G004
NGPT17405	G016
NGPT17406	G003
NGPT17407	G040
NGPT17408	G001
NGPT17409	G021
NGPT17412	G099
NGPT17413	G014
NGPT17414	G112
NGPT17417	G014
NGPT17418	G079
NGPT17419	G068
NGPT17420	G167
NGPT17422	G044
NGPT17423	G003
NGPT17425	G009
NGPT17428	G016
NGPT17430	G079
NGPT17431	G001
NGPT17433	G001
NGPT17434	G001
NGPT17437	G016
NGPT17438	G001
NGPT17439	G021
NGPT17441	G004
NGPT17442	G040
NGPT17447	G016
NGPT17448	G016
NGPT17449	G004
NGPT17450	G014
NGPT17453	G008
NGPT17454	G016
NGPT17455	G008
NGPT17456	G016
NGPT17457	G134
NGPT17458	G006
NGPT17459	G008
NGPT17460	G014
NGPT17462	G004
NGPT17463	G004
NGPT17464	G015
NGPT17466	G016
NGPT17467	G027
NGPT17468	G028
NGPT17469	G001
NGPT17474	G021
NGPT17475	G015
NGPT17476	G049
NGPT17477	G009
NGPT17479	G127
NGPT17480	G016
NGPT17481	G001
NGPT17483	G079
NGPT17487	G142
NGPT17488	G021
NGPT17489	G014
NGPT17490	G016
NGPT17492	G014
NGPT17493	G027
NGPT17494	G068
NGPT17496	G049
NGPT17500	G034
NGPT17502	G008
NGPT17506	G016
NGPT17507	G001
NGPT17508	G004
NGPT17510	G164
NGPT17512	G009
NGPT17513	G101
NGPT17515	G008
NGPT17516	G008
NGPT17517	G008
ECDC_SK13_057	G008
ECDC_SK13_058	G001
ECDC_SK13_059	G001
ECDC_SK13_060	G001
ECDC_SK13_061	G001
ECDC_SK13_062	G002
ECDC_SK13_063	G002
ECDC_SK13_064	G001
ECDC_SK13_065	G002
ECDC_SK13_066	G001
ECDC_SK13_067	G002
ECDC_SK13_068	G002
ECDC_SK13_069	G002
ECDC_SK13_070	G003
ECDC_SK13_071	G003
ECDC_SK13_072	G002
ECDC_SK13_073	G002
ECDC_SK13_074	G001
ECDC_SK13_075	G002
ECDC_SK13_076	G008
ECDC_SK13_077	G002
ECDC_SK13_078	G002
ECDC_SK13_079	G001
ECDC_SK13_080	G002
ECDC_SK13_081	G003
ECDC_SK13_082	G003
ECDC_SK13_083	G003
ECDC_SK13_084	G002
ECDC_SK13_085	G035
ECDC_SK13_086	G015
ECDC_SK13_087	G001
ECDC_SK13_088	G003
ECDC_SK13_090	G003
ECDC_SK13_091	G003
ECDC_SK13_092	G003
ECDC_SK13_093	G001
ECDC_SK13_094	G002
ECDC_SK13_095	G001
ECDC_SK13_097	G001
ECDC_SK13_098	G002
ECDC_SK13_099	G002
ECDC_SK13_100	G002
ECDC_SK13_101	G003
ECDC_SK13_102	G003
ECDC_SK13_103	G002
ECDC_SK13_104	G001
ECDC_SK13_105	G004
ECDC_SK13_106	G003
ECDC_SK13_107	G003
ECDC_SK13_108	G001
ECDC_SK13_109	G003
ECDC_SK13_110	G005
ECDC_SK13_111	G003
ECDC_SK13_112	G002
ECDC_SI13_020	G001
ECDC_SI13_021	G014
ECDC_SI13_022	G053
ECDC_SI13_023	G053
ECDC_SI13_024	G008
ECDC_SI13_025	G006
ECDC_SI13_026	G002
ECDC_SI13_027	G006
ECDC_SI13_028	G061
ECDC_SI13_029	G053
ECDC_SI13_030	G013
ECDC_SI13_031	G003
ECDC_SI13_032	G003
ECDC_SI13_033	G013
ECDC_SI13_034	G003
ECDC_SI13_035	G013
ECDC_SI13_036	G006
ECDC_SI13_037	G013
ECDC_SI13_038	G001
ECDC_SI13_039	G005
ECDC_SI13_040	G053
ECDC_SI13_041	G013
ECDC_SI13_043	G053
ECDC_SI13_045	G006
ECDC_SI13_046	G006
ECDC_SI13_047	G006
ECDC_SI13_048	G006
ECDC_SI13_049	G002
ECDC_SI13_052	G009
ECDC_SI13_053	G006
ECDC_SI13_055	G009
ECDC_SI13_057	G006
ECDC_SI13_059	G008
ECDC_SI13_060	G001
ECDC_SI13_061	G003
ECDC_SI13_062	G029
ECDC_SI13_063	G002
ECDC_SI13_064	G002
ECDC_SI13_065	G029
ECDC_SI13_066	G029
ECDC_SI13_067	G029
ECDC_SI13_068	G002
ECDC_SI13_069	G075
ECDC_SI13_070	G003
ECDC_SI13_071	G029
ECDC_SI13_072	G029
ECDC_SI13_073	G003
ECDC_SI13_074	G002
ECDC_SI13_075	G003
ECDC_SI13_076	G029
ECDC_SI13_077	G013
ECDC_SI13_079	G013
ECDC_SI13_080	G003
ECDC_SI13_081	G002
ECDC_ES001	G008
ECDC_ES002	G001
ECDC_ES003	G008
ECDC_ES004	G015
ECDC_ES006	G015
ECDC_ES007	G002
ECDC_ES009	G010
ECDC_ES010	G002
ECDC_ES011	G001
ECDC_ES012	G001
ECDC_ES013	G012
ECDC_ES014	G002
ECDC_ES015	G002
ECDC_ES016	G002
ECDC_ES017	G002
ECDC_ES018	G031
ECDC_ES019	G002
ECDC_ES020	G018
ECDC_ES021	G001
ECDC_ES022	G035
ECDC_ES023	G005
ECDC_ES024	G002
ECDC_ES025	G002
ECDC_ES026	G018
ECDC_ES027	G012
ECDC_ES028	G004
ECDC_ES029	G011
ECDC_ES030	G012
ECDC_ES031	G002
ECDC_ES032	G004
ECDC_ES033	G001
ECDC_ES034	G006
ECDC_ES035	G006
ECDC_ES037	G048
ECDC_ES038	G009
ECDC_ES039	G006
ECDC_ES040	G008
ECDC_ES041	G009
ECDC_ES042	G009
ECDC_ES043	G002
ECDC_ES044	G002
ECDC_ES045	G005
ECDC_ES046	G006
ECDC_ES047	G006
ECDC_ES048	G002
ECDC_ES049	G012
ECDC_ES050	G004
ECDC_ES051	G001
ECDC_ES052	G002
ECDC_ES053	G017
ECDC_ES054	G004
ECDC_ES055	G002
ECDC_ES056	G002
ECDC_ES057	G008
ECDC_ES058	G002
ECDC_ES059	G002
ECDC_T2_ES001	G003
ECDC_T2_ES002	G002
ECDC_T2_ES003	G001
ECDC_T2_ES004	G013
ECDC_T2_ES005	G042
ECDC_T2_ES006	G008
ECDC_T2_ES007	G001
ECDC_T2_ES008	G004
ECDC_T2_ES009	G006
ECDC_T2_ES010	G005
ECDC_T2_ES011	G002
ECDC_T2_ES012	G015
ECDC_T2_ES013	G025
ECDC_T2_ES014	G001
ECDC_T2_ES015	G002
ECDC_T2_ES016	G004
ECDC_T2_ES017	G012
ECDC_T2_ES018	G001
ECDC_T2_ES019	G002
ECDC_T2_ES020	G002
ECDC_T2_ES021	G002
ECDC_T2_ES022	G001
ECDC_T2_ES023	G001
ECDC_T2_ES024	G001
ECDC_T2_ES025	G001
ECDC_T2_ES026	G021
ECDC_T2_ES027	G003
ECDC_T2_ES028	G006
ECDC_T2_ES029	G018
ECDC_T2_ES030	G006
ECDC_T2_ES031	G002
ECDC_T2_ES032	G014
ECDC_T2_ES033	G013
ECDC_T2_ES035	G013
ECDC_T2_ES036	G005
ECDC_T2_ES037	G002
ECDC_T2_ES038	G004
ECDC_T2_ES039	G004
ECDC_T2_ES040	G004
ECDC_T2_ES041	G001
ECDC_T2_ES042	G004
ECDC_T2_ES043	G011
ECDC_T2_ES044	G003
ECDC_T2_ES046	G006
ECDC_T2_ES047	G052
ECDC_T2_ES048	G002
ECDC_T2_ES049	G001
ECDC_T2_ES050	G006
ECDC_T2_ES051	G004
ECDC_T2_ES052	G019
ECDC_T2_ES053	G001
ECDC_T2_ES054	G005
ECDC_T2_ES055	G011
ECDC_T2_ES056	G002
ECDC_T2_ES057	G052
ECDC_T2_ES058	G133
ECDC_T2_ES059	G005
ECDC_T2_ES060	G005
ECDC_SE13_051	G002
ECDC_SE13_052	G006
ECDC_SE13_053	G002
ECDC_SE13_054	G002
ECDC_SE13_055	G014
ECDC_SE13_056	G006
ECDC_SE13_057	G004
ECDC_SE13_058	G001
ECDC_SE13_059	G008
ECDC_SE13_060	G006
ECDC_SE13_061	G107
ECDC_SE13_062	G070
ECDC_SE13_063	G002
ECDC_SE13_064	G005
ECDC_SE13_065	G002
ECDC_SE13_066	G001
ECDC_SE13_067	G084
ECDC_SE13_068	G008
ECDC_SE13_069	G002
ECDC_SE13_070	G067
ECDC_SE13_071	G001
ECDC_SE13_072	G001
ECDC_SE13_073	G002
ECDC_SE13_074	G006
ECDC_SE13_075	G002
ECDC_SE13_076	G107
ECDC_SE13_077	G001
ECDC_SE13_078	G006
ECDC_SE13_079	G008
ECDC_SE13_080	G008
ECDC_SE13_081	G008
ECDC_SE13_082	G019
ECDC_SE13_083	G002
ECDC_SE13_084	G002
ECDC_SE13_085	G002
ECDC_SE13_086	G001
ECDC_SE13_087	G002
ECDC_SE13_089	G001
ECDC_SE13_090	G001
ECDC_SE13_091	G044
ECDC_SE13_092	G004
ECDC_SE13_093	G001
ECDC_SE13_094	G001
ECDC_SE13_095	G012
ECDC_SE13_096	G020
ECDC_SE13_097	G001
ECDC_SE13_098	G177
ECDC_SE13_099	G001
ECDC_SE13_100	G105
101259	G060
101260	G001
101261	G001
101262	G001
101263	G001
101266	G006
110944	G001
110945	G002
110946	G083
110947	G001
110948	G083
110949	G002
110950	G002
110951	G091
SRR3343472	G001
SRR3343473	G012
SRR3343474	G010
SRR3343475	G018
SRR3343476	G001
SRR3343477	G002
SRR3343479	G033
SRR3343480	G118
SRR3343481	G001
SRR3343482	G011
SRR3343483	G010
SRR3343484	G025
SRR3343485	G018
SRR3343486	G005
SRR3343488	G001
SRR3343489	G012
SRR3343490	G001
SRR3343491	G011
SRR3343492	G002
SRR3343493	G001
SRR3343494	G006
SRR3343495	G009
SRR3343496	G009
SRR3343497	G012
SRR3343498	G001
SRR3343499	G001
SRR3343500	G001
SRR3343501	G010
SRR3343502	G007
SRR3343503	G009
SRR3343504	G011
SRR3343505	G033
SRR3343506	G009
SRR3343507	G025
SRR3343508	G012
SRR3343509	G001
SRR3343510	G001
SRR3343511	G012
SRR3343512	G012
SRR3343513	G002
SRR3343514	G017
SRR3343515	G001
SRR3343516	G001
SRR3343517	G025
SRR3343518	G017
SRR3343519	G092
SRR3343520	G003
SRR3343521	G025
SRR3343523	G004
SRR3343524	G006
SRR3343525	G012
SRR3343526	G008
SRR3343527	G010
SRR3343528	G005
SRR3343529	G004
SRR3343530	G006
SRR3343531	G012
SRR3343532	G017
SRR3343533	G010
SRR3343534	G020
SRR3343535	G006
SRR3343536	G012
SRR3343537	G001
SRR3343538	G002
SRR3343539	G143
SRR3343540	G036
SRR3343541	G001
SRR3343542	G012
SRR3343543	G014
SRR3343544	G012
SRR3343545	G012
SRR3343546	G012
SRR3343547	G012
SRR3343548	G011
SRR3343550	G009
SRR3343551	G016
SRR3343553	G001
SRR3343554	G012
SRR3343555	G008
SRR3343556	G010
SRR3343557	G006
SRR3343558	G009
SRR3343559	G073
SRR3343560	G001
SRR3343561	G010
SRR3343562	G011
SRR3343563	G011
SRR3343564	G012
SRR3343565	G012
SRR3343566	G004
SRR3343567	G001
SRR3343568	G018
SRR3343569	G010
SRR3343570	G001
SRR3343572	G004
SRR3343574	G003
SRR3343575	G009
SRR3343576	G012
SRR3343577	G009
SRR3343578	G009
SRR3343579	G001
SRR3343580	G017
SRR3343581	G012
SRR3343582	G001
SRR3343583	G017
SRR3343585	G001
SRR3343586	G013
SRR3343587	G012
SRR3343588	G011
SRR3343589	G018
SRR3343590	G073
SRR3343591	G001
SRR3343592	G001
SRR3343593	G014
SRR3343594	G008
SRR3343595	G025
SRR3343596	G005
SRR3343597	G017
SRR3343598	G001
SRR3343599	G002
SRR3343600	G013
SRR3343601	G009
SRR3343602	G007
SRR3343603	G009
SRR3343604	G033
SRR3343605	G010
SRR3343606	G001
SRR3343607	G001
SRR3343608	G012
SRR3343609	G001
SRR3343610	G012
SRR3343612	G009
SRR3343613	G025
SRR3343614	G002
SRR3343615	G006
SRR3343616	G001
SRR3343617	G002
SRR3343618	G008
SRR3343619	G003
SRR3343620	G025
SRR3343621	G001
SRR3343622	G001
SRR3343623	G012
SRR3343625	G018
SRR3343627	G003
SRR3343628	G001
SRR3343629	G012
SRR3343630	G009
SRR3343631	G010
SRR3343632	G004
SRR3343633	G001
SRR3343635	G012
SRR3343636	G012
SRR3343638	G001
SRR3343639	G001
SRR3343640	G012
SRR3343641	G002
SRR3343642	G010
SRR3343643	G003
SRR3343644	G036
SRR3343646	G011
SRR3343647	G002
SRR3343648	G001
SRR3343649	G002
SRR3343651	G002
SRR3343653	G003
SRR3343654	G001
SRR3343655	G020
SRR3343656	G001
SRR3343657	G009
SRR3343659	G012
SRR3343660	G005
SRR3343661	G002
SRR3343662	G001
SRR3343663	G001
SRR3343664	G012
SRR3343665	G012
SRR3343666	G010
SRR3343669	G169
SRR3343670	G011
SRR3343671	G001
SRR3343672	G045
SRR3343673	G006
SRR3343674	G011
SRR3343675	G002
SRR3343676	G006
SRR3343678	G009
SRR3343679	G012
SRR3343680	G012
SRR3343681	G002
SRR3343682	G004
SRR3349137	G013
SRR3349138	G011
SRR3349139	G001
SRR3349140	G001
SRR3349141	G025
SRR3349142	G002
SRR3349143	G001
SRR3349145	G002
SRR3349146	G001
SRR3349147	G018
SRR3349148	G018
SRR3349149	G002
SRR3349150	G001
SRR3349151	G011
SRR3349152	G003
SRR3349153	G011
SRR3349154	G025
SRR3349165	G001
SRR3349166	G006
SRR3349167	G009
SRR3349168	G004
SRR3349169	G012
SRR3349170	G025
SRR3349171	G009
SRR3349172	G050
SRR3349173	G011
SRR3349174	G025
SRR3349175	G018
SRR3349176	G006
SRR3349177	G025
SRR3349178	G025
SRR3349179	G002
SRR3349180	G002
SRR3349181	G025
SRR3349182	G010
SRR3349183	G004
SRR3349184	G018
SRR3349185	G011
SRR3349186	G012
SRR3349187	G025
SRR3349188	G012
SRR3349189	G010
SRR3349190	G025
SRR3349191	G011
SRR3349192	G010
SRR3349193	G001
SRR3349194	G011
SRR3349195	G001
SRR3349196	G004
SRR3349197	G100
SRR3349198	G010
SRR3349199	G006
SRR3349200	G005
SRR3349201	G001
SRR3349202	G011
SRR3349203	G002
SRR3349204	G018
SRR3349205	G018
SRR3349206	G050
SRR3349207	G018
SRR3349208	G002
SRR3349209	G004
SRR3349210	G005
SRR3349211	G001
SRR3349212	G025
SRR3349213	G001
SRR3349214	G025
SRR3349215	G025
SRR3349216	G001
SRR3349217	G001
SRR3349218	G001
SRR3349219	G001
SRR3349220	G016
SRR3349221	G001
SRR3349222	G025
SRR3349223	G025
SRR3349224	G001
SRR3349225	G018
SRR3349226	G023
SRR3349227	G019
SRR3349228	G012
SRR3349229	G001
SRR3349230	G001
SRR3349231	G006
SRR3349232	G004
SRR3349233	G001
SRR3349234	G012
SRR3349235	G002
SRR3349236	G001
SRR3349237	G011
SRR3349238	G025
SRR3349239	G025
SRR3349240	G002
SRR3349241	G012
SRR3349242	G001
SRR3349243	G004
SRR3349244	G004
SRR3349245	G004
SRR3349246	G025
SRR3349247	G002
SRR3349248	G019
SRR3349249	G001
SRR3349250	G001
SRR3349251	G025
SRR3349252	G006
SRR3349253	G001
SRR3349254	G012
SRR3349255	G012
SRR3349256	G001
SRR3349257	G025
SRR3349258	G001
SRR3349259	G002
SRR3349260	G025
SRR3349261	G002
SRR3349262	G010
SRR3349263	G025
SRR3349264	G006
SRR3349265	G001
SRR3349266	G002
SRR3349267	G025
SRR3349268	G002
SRR3349269	G010
SRR3349270	G039
SRR3349271	G012
SRR3349272	G002
SRR3349273	G001
SRR3349274	G001
SRR3349275	G004
SRR3349276	G010
SRR3349277	G016
SRR3349278	G010
SRR3349279	G025
SRR3349280	G002
SRR3349281	G025
SRR3349282	G001
SRR3349283	G010
SRR3349284	G001
SRR3349285	G025
SRR3349286	G001
SRR3349287	G025
SRR3349288	G001
SRR3349289	G050
SRR3349290	G004
SRR3349291	G011
SRR3349292	G025
SRR3349293	G002
SRR3349294	G006
SRR3349295	G025
SRR3349296	G001
SRR3349297	G002
SRR3349298	G001
SRR3349299	G010
SRR3349300	G025
SRR3349301	G011
SRR3349302	G011
SRR3349303	G002
SRR3349304	G002
SRR3349305	G018
SRR3349306	G012
SRR3349307	G002
SRR3349308	G001
SRR3349309	G009
SRR3349310	G004
SRR3349311	G012
SRR3349312	G025
SRR3349313	G025
SRR3349314	G001
SRR3349315	G002
SRR3349316	G001
SRR3349317	G001
SRR3349318	G001
SRR3349319	G004
SRR3349320	G039
SRR3349321	G001
SRR3349322	G002
SRR3349323	G001
SRR3349324	G001
SRR3349325	G018
SRR3349326	G002
SRR3349327	G001
SRR3349328	G002
SRR3349329	G001
SRR3349330	G004
SRR3349331	G025
SRR3349332	G001
SRR3349333	G002
SRR3349335	G003
SRR3349336	G025
SRR3349337	G001
SRR3349338	G010
SRR3349339	G010
SRR3349340	G025
SRR3349341	G012
SRR3349342	G001
SRR3349343	G048
SRR3349344	G010
SRR3349345	G010
SRR3349346	G001
SRR3349347	G025
SRR3349514	G006
SRR3349515	G009
SRR3349516	G002
SRR3349517	G019
SRR3349518	G009
SRR3349520	G025
SRR3349521	G001
SRR3349522	G004
SRR3349523	G014
SRR3349524	G014
SRR3349525	G043
SRR3349526	G001
SRR3349527	G027
SRR3349528	G001
SRR3349529	G012
SRR3349531	G002
SRR3349532	G025
SRR3349533	G019
SRR3349534	G004
SRR3349535	G012
SRR3349536	G002
SRR3349537	G004
SRR3349538	G002
SRR3349539	G011
SRR3349540	G093
SRR3349542	G002
SRR3349543	G009
SRR3349544	G003
SRR3349545	G002
SRR3349546	G044
SRR3349547	G012
SRR3349548	G009
SRR3349549	G001
SRR3349550	G006
SRR3349551	G019
SRR3349552	G002
SRR3349553	G001
SRR3349554	G001
SRR3349555	G003
SRR3349557	G001
SRR3349558	G010
SRR3349559	G004
SRR3349560	G014
SRR3349561	G006
SRR3349562	G025
SRR3349563	G016
SRR3349564	G009
SRR3349565	G019
SRR3349566	G009
SRR3349567	G010
SRR3349568	G044
SRR3349569	G001
SRR3349570	G002
SRR3349572	G014
SRR3349573	G002
SRR3349574	G006
SRR3349575	G040
SRR3349577	G011
SRR3349578	G007
SRR3349579	G006
SRR3349580	G012
SRR3349581	G009
SRR3349582	G006
SRR3349583	G009
SRR3349584	G007
SRR3349585	G001
SRR3349587	G004
SRR3349588	G002
SRR3349589	G009
SRR3349590	G009
SRR3349591	G080
SRR3349592	G011
SRR3349593	G014
SRR3349594	G001
SRR3349596	G025
SRR3349597	G010
SRR3349598	G021
SRR3349599	G004
SRR3349601	G004
SRR3349602	G012
SRR3349603	G043
SRR3349604	G021
SRR3349606	G002
SRR3349607	G002
SRR3349608	G009
SRR3349610	G006
SRR3349611	G006
SRR3349612	G005
SRR3349613	G018
SRR3349614	G001
SRR3349615	G013
SRR3349617	G002
SRR3349618	G004
SRR3349619	G004
SRR3349620	G025
SRR3349621	G001
SRR3349622	G009
SRR3349623	G004
SRR3349624	G004
SRR3349625	G010
SRR3349626	G009
SRR3349627	G001
SRR3349628	G004
SRR3349630	G001
SRR3349631	G009
SRR3349632	G002
SRR3349633	G023
SRR3349634	G001
SRR3349635	G006
SRR3349636	G001
SRR3349637	G012
SRR3349638	G039
SRR3349639	G019
SRR3349640	G003
SRR3349642	G001
SRR3349643	G009
SRR3349644	G010
SRR3349645	G039
SRR3349646	G039
SRR3349647	G006
SRR3349648	G009
SRR3349649	G001
SRR3349650	G009
SRR3349652	G003
SRR3349653	G001
SRR3349654	G002
SRR3349655	G019
SRR3349656	G019
SRR3349657	G009
SRR3349658	G001
SRR3349659	G001
SRR3349661	G025
SRR3349662	G014
SRR3349663	G002
SRR3349664	G019
SRR3349665	G006
SRR3349666	G002
SRR3349667	G019
SRR3349669	G004
SRR3349670	G043
SRR3349671	G010
SRR3349672	G009
SRR3349673	G004
SRR3349674	G001
SRR3349675	G011
SRR3349676	G019
SRR3349677	G043
SRR3349679	G001
SRR3349680	G001
SRR3349681	G013
SRR3349682	G010
SRR3349683	G003
SRR3349684	G002
SRR3349685	G002
SRR3349686	G021
SRR3349687	G001
SRR3349688	G002
SRR3349689	G039
SRR3349691	G044
SRR3349692	G001
SRR3349693	G004
SRR3349694	G001
SRR3349695	G002
SRR3349696	G080
SRR3349697	G009
SRR3349698	G001
SRR3349699	G009
SRR3349700	G006
SRR3349701	G001
SRR3349702	G040
SRR3349703	G001
SRR3349704	G009
SRR3349705	G014
SRR3349706	G009
SRR3349707	G009
SRR3349708	G019
SRR3349709	G007
SRR3349710	G006
SRR3349711	G043
SRR3349712	G001
SRR3349713	G001
SRR3349714	G009
SRR3349715	G001
SRR3349716	G108
SRR3349717	G009
SRR3349718	G001
SRR3349719	G039
SRR3349720	G009
SRR3349721	G023
SRR3349722	G007
SRR3349723	G007
SRR3349724	G018
SRR3349725	G001
SRR3349726	G010
SRR3349727	G009
SRR3349728	G001
SRR3349729	G006
SRR3349811	G004
SRR3349812	G020
SRR3349813	G025
SRR3349814	G001
SRR3349815	G001
SRR3349816	G001
SRR3349817	G003
SRR3349818	G005
SRR3349819	G024
SRR3349820	G005
SRR3349821	G020
SRR3349822	G008
SRR3349823	G001
SRR3349824	G002
SRR3349825	G001
SRR3349826	G002
SRR3349827	G001
SRR3349828	G001
SRR3349829	G054
SRR3349830	G001
SRR3349831	G004
SRR3349832	G005
SRR3349833	G002
SRR3349834	G001
SRR3349835	G002
SRR3349836	G002
SRR3349837	G001
SRR3349838	G003
SRR3349839	G001
SRR3349840	G012
SRR3349841	G001
SRR3349842	G002
SRR3349843	G004
SRR3349844	G001
SRR3349845	G054
SRR3349846	G001
SRR3349847	G001
SRR3349848	G005
SRR3349849	G001
SRR3349851	G001
SRR3349852	G001
SRR3349853	G005
SRR3349854	G024
SRR3349855	G004
SRR3349856	G012
SRR3349857	G018
SRR3349858	G001
SRR3349859	G001
SRR3349860	G004
SRR3349861	G018
SRR3349862	G020
SRR3349863	G001
SRR3349864	G001
SRR3349865	G002
SRR3349866	G001
SRR3349867	G005
SRR3349868	G005
SRR3349869	G054
SRR3349870	G001
SRR3349871	G004
SRR3349872	G161
SRR3349873	G001
SRR3349874	G054
SRR3349875	G001
SRR3349877	G002
SRR3349878	G008
SRR3349879	G004
SRR3349880	G008
SRR3349881	G006
SRR3349882	G002
SRR3349883	G004
SRR3349884	G005
SRR3349885	G011
SRR3349886	G004
SRR3349887	G004
SRR3349888	G001
SRR3349889	G001
SRR3349890	G008
SRR3349891	G002
SRR3349892	G017
SRR3349893	G017
SRR3349894	G020
SRR3349895	G001
SRR3349896	G001
SRR3349898	G004
SRR3349899	G033
SRR3349900	G001
SRR3349901	G004
SRR3349902	G002
SRR3349903	G003
SRR3349904	G004
SRR3349905	G004
SRR3349906	G001
SRR3349907	G013
SRR3349908	G002
SRR3349909	G001
SRR3349910	G001
SRR3349911	G002
SRR3349912	G012
SRR3349913	G020
SRR3349914	G002
SRR3349915	G001
SRR3349916	G171
SRR3349917	G001
SRR3349919	G135
SRR3349920	G020
SRR3349921	G001
SRR3349922	G001
SRR3349923	G001
SRR3349924	G002
SRR3349925	G003
SRR3349926	G002
SRR3349927	G002
SRR3349928	G011
SRR3349929	G002
SRR3349930	G004
SRR3349931	G001
SRR3349932	G005
SRR3349933	G002
SRR3349934	G005
SRR3349935	G001
SRR3349936	G001
SRR3349937	G005
SRR3349938	G003
SRR3349939	G003
SRR3349940	G020
SRR3349941	G002
SRR3349942	G002
SRR3349943	G001
SRR3349944	G002
SRR3349945	G001
SRR3349946	G005
SRR3349947	G054
SRR3349948	G001
SRR3349949	G003
SRR3349950	G004
SRR3349951	G001
SRR3349952	G002
SRR3349953	G003
SRR3349954	G001
SRR3349955	G054
SRR3349956	G011
SRR3349957	G001
SRR3349958	G001
SRR3349959	G001
SRR3349960	G001
SRR3349961	G010
SRR3349962	G159
SRR3349963	G003
SRR3349964	G003
SRR3349965	G002
SRR3349966	G002
SRR3349967	G010
SRR3349968	G001
SRR3349969	G002
SRR3349970	G004
SRR3349971	G002
SRR3349972	G005
SRR3349973	G001
SRR3349974	G001
SRR3349975	G003
SRR3349976	G002
SRR3349977	G005
SRR3349978	G003
SRR3349979	G012
SRR3349980	G003
SRR3349981	G002
SRR3349982	G001
SRR3349983	G002
SRR3349984	G001
SRR3349985	G001
SRR3349986	G001
SRR3349987	G001
SRR3349988	G018
SRR3349989	G004
SRR3349990	G003
SRR3349991	G039
SRR3349992	G002
SRR3349993	G020
SRR3349994	G001
SRR3349995	G001
SRR3349996	G002
SRR3349997	G006
SRR3349998	G001
SRR3349999	G001
SRR3350000	G001
SRR3350001	G003
SRR3350002	G001
SRR3350003	G001
SRR3350004	G001
SRR3350005	G017
SRR3350006	G001
SRR3350007	G005
SRR3350008	G001
SRR3350009	G025
SRR3350010	G003
SRR3350011	G003
SRR3350084	G031
SRR3350085	G006
SRR3350086	G010
SRR3350087	G027
SRR3350088	G001
SRR3350089	G001
SRR3350090	G020
SRR3350091	G001
SRR3350092	G010
SRR3350093	G014
SRR3350094	G001
SRR3350095	G001
SRR3350096	G010
SRR3350097	G003
SRR3350098	G014
SRR3350099	G010
SRR3350100	G012
SRR3350101	G031
SRR3350102	G010
SRR3350103	G010
SRR3350104	G010
SRR3350105	G001
SRR3350106	G014
SRR3350107	G001
SRR3350108	G012
SRR3350109	G009
SRR3350110	G010
SRR3350111	G003
SRR3350112	G043
SRR3350113	G001
SRR3350114	G001
SRR3350115	G001
SRR3350116	G010
SRR3350117	G001
SRR3350118	G023
SRR3350119	G004
SRR3350120	G006
SRR3350121	G001
SRR3350122	G003
SRR3350123	G009
SRR3350124	G001
SRR3350125	G010
SRR3350126	G006
SRR3350127	G001
SRR3350128	G002
SRR3350129	G010
SRR3350130	G130
SRR3350131	G001
SRR3350132	G031
SRR3350133	G001
SRR3350134	G009
SRR3350135	G001
SRR3350136	G003
SRR3350137	G010
SRR3350138	G018
SRR3350139	G012
SRR3350140	G001
SRR3350141	G011
SRR3350142	G023
SRR3350143	G001
SRR3350144	G009
SRR3350145	G004
SRR3350146	G020
SRR3350147	G001
SRR3350148	G002
SRR3350149	G001
SRR3350150	G010
SRR3350151	G001
SRR3350152	G010
SRR3350153	G002
SRR3350154	G004
SRR3350156	G012
SRR3350157	G012
SRR3350158	G002
SRR3350159	G001
SRR3350160	G001
SRR3350161	G010
SRR3350162	G001
SRR3350163	G001
SRR3350164	G071
SRR3350165	G001
SRR3350166	G014
SRR3350167	G001
SRR3350168	G001
SRR3350169	G011
SRR3350170	G010
SRR3350171	G009
SRR3350172	G001
SRR3350173	G001
SRR3350174	G039
SRR3350175	G005
SRR3350176	G001
SRR3350177	G004
SRR3350178	G004
SRR3350179	G001
SRR3350180	G109
SRR3350181	G001
SRR3350182	G010
SRR3350183	G009
SRR3350184	G001
SRR3350185	G012
SRR3350186	G043
SRR3350187	G003
SRR3350188	G037
SRR3350189	G004
SRR3350190	G010
SRR3350191	G012
SRR3350192	G009
SRR3350193	G001
SRR3350194	G004
SRR3350195	G003
SRR3350196	G001
SRR3350197	G012
SRR3350198	G012
SRR3350199	G006
SRR3350200	G014
SRR3350201	G010
SRR3350203	G014
SRR3350204	G001
SRR3350205	G010
SRR3350206	G031
SRR3350207	G130
SRR3350208	G010
SRR3350209	G010
SRR3350210	G001
SRR3350211	G010
SRR3350212	G009
SRR3350213	G003
SRR3350214	G020
SRR3350215	G001
SRR3350216	G010
SRR3350217	G001
SRR3350218	G025
SRR3350219	G004
SRR3350220	G002
SRR3350221	G130
SRR3350222	G001
SRR3350223	G010
SRR3350224	G031
SRR3350225	G020
SRR3350226	G010
SRR3350227	G010
SRR3350228	G039
SRR3350229	G010
SRR3350230	G001
SRR3350231	G010
SRR3350232	G001
SRR3350233	G014
SRR3350234	G010
SRR3350235	G001
SRR3350236	G010
SRR3350237	G006
SRR3350238	G010
SRR3350239	G004
SRR3350240	G012
SRR3350241	G001
SRR3350242	G010
SRR3350243	G010
SRR3350244	G004
SRR3350245	G009
SRR3350246	G027
SRR3350247	G002
SRR3350248	G009
SRR3350249	G001
SRR3350250	G010
SRR3350251	G001
SRR3350252	G009
SRR3350253	G019
SRR3350254	G010
SRR3350255	G001
SRR3350256	G001
SRR3350257	G012
SRR3350258	G002
SRR3350259	G003
SRR3350260	G024
SRR3350261	G001
SRR3350262	G023
SRR3350263	G039
SRR3350264	G010
SRR3350265	G001
SRR3350266	G003
SRR3350268	G010
SRR3350269	G002
SRR3350270	G010
SRR3350271	G031
SRR3350272	G009
SRR3350273	G010
SRR3350274	G002
SRR3350275	G012
SRR3350279	G005
SRR3350280	G003
SRR3350281	G014
SRR3350282	G010
SRR3350283	G011
SRR3350284	G010
SRR3350285	G003
SRR3350286	G001
SRR3350287	G010
SRR3357010	G004
SRR3357011	G002
SRR3357012	G024
SRR3357013	G009
SRR3357014	G066
SRR3357015	G002
SRR3357016	G014
SRR3357017	G002
SRR3357018	G002
SRR3357019	G001
SRR3357020	G001
SRR3357021	G002
SRR3357022	G001
SRR3357023	G006
SRR3357024	G008
SRR3357025	G001
SRR3357026	G002
SRR3357027	G010
SRR3357028	G002
SRR3357029	G012
SRR3357030	G018
SRR3357034	G153
SRR3357035	G001
SRR3357036	G045
SRR3357037	G001
SRR3357038	G002
SRR3357039	G001
SRR3357040	G011
SRR3357041	G002
SRR3357047	G019
SRR3357062	G031
SRR3357073	G006
SRR3357074	G011
SRR3357075	G006
SRR3357076	G001
SRR3357077	G001
SRR3357080	G015
SRR3357094	G001
SRR3357098	G002
SRR3357110	G002
SRR3357111	G031
SRR3357112	G018
SRR3357113	G001
SRR3357114	G001
SRR3357115	G002
SRR3357116	G002
SRR3357130	G015
SRR3357131	G009
SRR3357132	G042
SRR3357133	G006
SRR3357134	G011
SRR3357135	G002
SRR3357136	G003
SRR3357137	G006
SRR3357138	G001
SRR3357139	G042
SRR3357140	G010
SRR3357142	G011
SRR3357143	G003
SRR3357144	G011
SRR3357145	G010
SRR3357146	G003
SRR3357147	G004
SRR3357148	G002
SRR3357149	G009
SRR3357150	G014
SRR3357151	G001
SRR3357152	G001
SRR3357153	G001
SRR3357155	G001
SRR3357156	G001
SRR3357157	G002
SRR3357158	G152
SRR3357159	G002
SRR3357160	G001
SRR3357161	G012
SRR3357162	G002
SRR3357163	G001
SRR3357164	G045
SRR3357165	G009
SRR3357166	G002
SRR3357167	G030
SRR3357168	G004
SRR3357169	G005
SRR3357170	G001
SRR3357171	G012
SRR3357172	G002
SRR3357173	G002
SRR3357174	G001
SRR3357175	G002
SRR3357176	G002
SRR3357177	G023
SRR3357178	G009
SRR3357179	G006
SRR3357180	G010
SRR3357181	G002
SRR3357182	G001
SRR3357183	G004
SRR3357184	G128
SRR3357185	G014
SRR3357186	G002
SRR3357187	G014
SRR3357188	G009
SRR3357190	G005
SRR3357191	G002
SRR3357192	G002
SRR3357193	G011
SRR3357194	G002
SRR3357195	G005
SRR3357196	G004
SRR3357197	G010
SRR3357198	G018
SRR3357199	G012
SRR3357200	G011
SRR3357201	G144
SRR3357202	G002
SRR3357203	G002
SRR3357215	G014
SRR3357229	G080
SRR3357241	G021
SRR3357242	G001
SRR3357243	G006
SRR3357244	G010
SRR3357245	G031
SRR3357246	G018
SRR3357247	G012
SRR3357249	G001
SRR3357250	G001
SRR3357251	G010
SRR3357252	G002
SRR3357253	G015
SRR3357254	G001
SRR3357255	G001
SRR3357256	G001
SRR3357257	G001
SRR3357258	G128
SRR3357259	G012
SRR3357260	G018
SRR3357261	G001
SRR3357262	G025
SRR3357263	G002
SRR3357264	G001
SRR3357265	G002
SRR3357266	G001
SRR3357267	G002
SRR3357268	G001
SRR3357269	G002
SRR3357270	G002
SRR3357271	G001
SRR3357272	G158
SRR3357273	G004
SRR3357274	G002
SRR3357275	G001
SRR3357276	G009
SRR3357277	G002
SRR3357278	G001
SRR3357279	G036
SRR3357280	G003
SRR3357281	G002
SRR3357284	G031
SRR3357285	G001
SRR3357286	G001
SRR3357287	G002
SRR3357288	G002
SRR3357289	G042
SRR3357290	G011
SRR3357291	G014
SRR3357304	G001
SRR3357305	G001
SRR3357306	G012
SRR3357308	G009
SRR3357309	G002
SRR3357310	G001
SRR3357311	G001
SRR3357312	G002
SRR3357313	G006
SRR3357314	G005
SRR3357315	G002
SRR3357316	G001
SRR3357317	G005
SRR3357318	G001
SRR3357331	G001
SRR3357344	G010
SRR3357349	G001
SRR3357350	G011
SRR3357351	G001
SRR3357352	G001
SRR3357353	G010
SRR3357355	G012
SRR3357356	G004
SRR3357357	G011
SRR3357358	G001
SRR3357359	G001
SRR3360286	G011
SRR3360287	G003
SRR3360288	G003
SRR3360289	G038
SRR3360290	G003
SRR3360291	G003
SRR3360292	G003
SRR3360293	G003
SRR3360294	G003
SRR3360295	G003
SRR3360296	G003
SRR3360297	G003
SRR3360298	G003
SRR3360299	G003
SRR3360300	G003
SRR3360301	G003
SRR3360302	G003
SRR3360303	G003
SRR3360304	G003
SRR3360305	G003
SRR3360306	G003
SRR3360307	G003
SRR3360308	G003
SRR3360309	G003
SRR3360310	G003
SRR3360311	G011
SRR3360312	G038
SRR3360313	G003
SRR3360314	G032
SRR3360315	G003
SRR3360316	G003
SRR3360317	G003
SRR3360318	G003
SRR3360319	G032
SRR3360320	G003
SRR3360321	G003
SRR3360322	G032
SRR3360323	G003
SRR3360324	G003
SRR3360325	G003
SRR3360326	G003
SRR3360327	G003
SRR3360328	G003
SRR3360329	G003
SRR3360330	G003
SRR3360331	G003
SRR3360332	G003
SRR3360333	G003
SRR3360334	G003
SRR3360336	G003
SRR3360337	G032
SRR3360338	G003
SRR3360339	G003
SRR3360340	G003
SRR3360341	G003
SRR3360342	G003
SRR3360343	G003
SRR3360344	G003
SRR3360345	G003
SRR3360346	G003
SRR3360347	G003
SRR3360348	G003
SRR3360349	G003
SRR3360350	G003
SRR3360351	G003
SRR3360352	G003
SRR3360353	G003
SRR3360354	G003
SRR3360355	G003
SRR3360356	G003
SRR3360357	G003
SRR3360605	G005
SRR3360606	G019
SRR3360607	G005
SRR3360608	G003
SRR3360609	G001
SRR3360610	G002
SRR3360612	G002
SRR3360613	G026
SRR3360614	G004
SRR3360615	G034
SRR3360616	G002
SRR3360617	G002
SRR3360618	G002
SRR3360619	G002
SRR3360620	G003
SRR3360621	G001
SRR3360622	G002
SRR3360623	G003
SRR3360624	G008
SRR3360625	G019
SRR3360626	G003
SRR3360627	G002
SRR3360628	G002
SRR3360629	G165
SRR3360630	G148
SRR3360631	G003
SRR3360632	G002
SRR3360633	G002
SRR3360634	G165
SRR3360635	G011
SRR3360636	G020
SRR3360637	G013
SRR3360638	G001
SRR3360639	G005
SRR3360640	G001
SRR3360641	G004
SRR3360642	G001
SRR3360643	G012
SRR3360644	G067
SRR3360645	G002
SRR3360646	G065
SRR3360647	G113
SRR3360648	G002
SRR3360649	G005
SRR3360650	G001
SRR3360651	G008
SRR3360652	G155
SRR3360653	G006
SRR3360655	G038
SRR3360656	G003
SRR3360657	G002
SRR3360658	G002
SRR3360659	G002
SRR3360660	G038
SRR3360661	G011
SRR3360662	G017
SRR3360663	G036
SRR3360664	G005
SRR3360666	G003
SRR3360667	G013
SRR3360668	G022
SRR3360669	G001
SRR3360670	G001
SRR3360671	G005
SRR3360672	G008
SRR3360673	G003
SRR3360674	G002
SRR3360675	G005
SRR3360676	G003
SRR3360677	G037
SRR3360678	G019
SRR3360679	G011
SRR3360680	G004
SRR3360681	G002
SRR3360682	G001
SRR3360683	G022
SRR3360684	G002
SRR3360685	G001
SRR3360686	G002
SRR3360687	G124
SRR3360688	G001
SRR3360689	G001
SRR3360690	G011
SRR3360691	G019
SRR3360692	G010
SRR3360693	G002
SRR3360694	G005
SRR3360695	G001
SRR3360696	G011
SRR3360697	G019
SRR3360698	G004
SRR3360699	G038
SRR3360700	G005
SRR3360701	G001
SRR3360702	G002
SRR3360703	G002
SRR3360704	G005
SRR3360705	G022
SRR3360706	G001
SRR3360707	G002
SRR3360708	G001
SRR3360709	G002
SRR3360710	G001
SRR3360711	G002
SRR3360712	G002
SRR3360713	G066
SRR3360714	G002
SRR3360715	G022
SRR3360716	G005
SRR3360717	G001
SRR3360718	G002
SRR3360719	G002
SRR3360720	G005
SRR3360721	G006
SRR3360722	G022
SRR3360723	G002
SRR3360724	G032
SRR3360725	G017
SRR3360726	G012
SRR3360727	G138
SRR3360728	G002
SRR3360729	G003
SRR3360730	G001
SRR3360731	G002
SRR3360732	G032
SRR3360733	G002
SRR3360734	G017
SRR3360736	G008
SRR3360737	G003
SRR3360738	G002
SRR3360739	G003
SRR3360740	G030
SRR3360741	G038
SRR3360743	G002
SRR3360744	G038
SRR3360745	G001
SRR3360746	G001
SRR3360747	G001
SRR3360748	G002
SRR3360749	G024
SRR3360750	G019
SRR3360751	G002
SRR3360752	G002
SRR3360753	G002
SRR3360754	G001
SRR3360755	G002
SRR3360766	G036
SRR3360768	G006
SRR3360769	G002
SRR3360770	G001
SRR3360771	G012
SRR3360772	G013
SRR3360774	G013
SRR3360787	G006
SRR3360800	G001
SRR3360806	G002
SRR3360808	G001
SRR3360809	G014
SRR3360810	G006
SRR3360811	G036
SRR3360812	G003
SRR3360813	G005
SRR3360818	G003
SRR3360819	G007
SRR3360820	G005
SRR3360822	G015
SRR3360823	G018
SRR3360824	G014
SRR3360826	G017
SRR3360827	G036
SRR3360829	G012
SRR3360830	G004
SRR3360831	G028
SRR3360832	G010
SRR3360834	G001
SRR3360835	G006
SRR3360836	G087
SRR3360837	G003
SRR3360839	G003
SRR3360840	G001
SRR3360841	G001
SRR3360842	G004
SRR3360843	G010
SRR3360844	G001
SRR3360845	G011
SRR3360846	G013
SRR3360847	G004
SRR3360849	G003
SRR3360850	G001
SRR3360851	G002
SRR3360852	G006
SRR3360853	G012
SRR3360854	G003
SRR3360855	G001
SRR3360857	G034
SRR3360859	G001
SRR3360861	G009
SRR3360862	G056
SRR3360863	G001
SRR3360864	G010
SRR3360865	G008
SRR3360866	G005
SRR3360867	G034
SRR3360868	G001
SRR3360869	G004
SRR3360870	G002
SRR3360871	G002
SRR3360872	G089
SRR3360873	G001
SRR3360874	G001
SRR3360875	G004
SRR3360876	G087
SRR3360877	G018
SRR3360878	G001
SRR3360879	G001
SRR3360880	G003
SRR3360881	G006
SRR3360883	G076
SRR3360884	G005
SRR3360886	G003
SRR3360887	G001
SRR3360888	G006
SRR3360889	G002
SRR3360890	G156
SRR3360891	G002
SRR3360892	G001
SRR3360893	G013
SRR3360894	G008
SRR3360895	G015
SRR3360896	G003
SRR3360897	G010
SRR3360902	G002
SRR3360903	G003
SRR3360904	G024
SRR3360905	G001
SRR3360906	G023
SRR3360907	G002
SRR3360908	G001
SRR3360909	G023
SRR3360910	G017
SRR3360911	G003
SRR3360913	G026
SRR3360914	G001
SRR3360915	G001
SRR3360917	G098
SRR3360918	G018
SRR3360919	G010
SRR3360920	G001
SRR3360921	G026
SRR3360922	G010
SRR3360924	G065
SRR3360925	G001
SRR3360926	G006
SRR3360927	G002
SRR3360929	G006
SRR3360930	G005
SRR3360932	G004
SRR3360933	G001
SRR3360935	G002
SRR3360936	G089
SRR3360937	G006
SRR3360939	G030
SRR3360940	G004
SRR3360941	G003
SRR3360942	G116
SRR3360943	G036
SRR3360944	G002
SRR3360946	G012
SRR3360947	G036
SRR3360948	G005
SRR3360949	G005
SRR3360950	G012
SRR3360951	G002
SRR3360952	G003
SRR3360953	G001
SRR3360954	G012
SRR3360956	G002
SRR3360957	G013
SRR3360958	G003
SRR3360959	G003
SRR3360960	G001
SRR3360961	G012
SRR3360962	G001
SRR3360963	G009
SRR3360964	G012
SRR3360965	G001
SRR3360966	G012
SRR3360967	G089
SRR3360968	G017
SRR3360969	G059
SRR3360970	G013
SRR3360971	G009
SRR3360972	G003
SRR3360973	G011
SRR3360974	G001
SRR3360975	G001
SRR3360976	G019
SRR3360977	G004
SRR3360978	G004
SRR3360979	G050
SRR3360980	G013
SRR3360981	G006
SRR3360982	G180
SRR3360983	G013
SRR3360984	G013
SRR3360985	G015
SRR3360986	G011
SRR3360987	G001
SRR3360989	G001
SRR3360990	G009
SRR3360991	G089
SRR3360993	G012
SRR3360994	G050
SRR3360995	G001
SRR3360996	G002
SRR3360997	G007
SRR3360998	G002
SRR3360999	G001
SRR3361000	G017
SRR3361001	G002
SRR3361002	G005
SRR3361003	G012
SRR3361011	G007
SRR3361012	G001
SRR3361021	G001
SRR3361022	G012
SRR3361023	G004
SRR3361024	G005
SRR3361025	G009
SRR3361026	G001
SRR3361027	G001
SRR3361029	G001
SRR3361031	G030
SRR3361044	G001
SRR3361056	G002
SRR3361070	G005
SRR3361071	G001
SRR3361072	G001
SRR3361073	G001
SRR3361074	G004
SRR3361075	G001
SRR3361083	G004
SRR3361096	G030
SRR3361098	G001
SRR3361099	G004
SRR3361100	G005
SRR3361101	G001
SRR3361102	G001
SRR3361103	G005
SRR3361104	G005
SRR3361105	G001
SRR3361108	G001
SRR3361109	G004
SRR3361110	G001
SRR3361112	G002
SRR3361113	G004
SRR3361114	G004
SRR3361115	G045
SRR3361116	G004
SRR3361118	G001
SRR3361119	G010
SRR3361120	G030
SRR3361121	G001
SRR3361122	G001
SRR3361123	G001
SRR3361124	G001
SRR3361125	G004
SRR3361126	G033
SRR3361128	G005
SRR3361129	G084
SRR3361130	G001
SRR3361131	G001
SRR3361132	G001
SRR3361133	G001
SRR3361134	G001
SRR3361135	G033
SRR3361136	G012
SRR3361137	G001
SRR3361138	G002
SRR3361139	G003
SRR3361140	G001
SRR3361141	G002
SRR3361142	G001
SRR3361143	G010
SRR3361144	G001
SRR3361145	G002
SRR3361146	G012
SRR3361147	G001
SRR3361148	G001
SRR3361149	G001
SRR3361150	G005
SRR3361151	G009
SRR3361152	G001
SRR3361154	G001
SRR3361155	G004
SRR3361156	G002
SRR3361157	G004
SRR3361158	G001
SRR3361159	G002
SRR3361160	G005
SRR3361161	G001
SRR3361162	G037
SRR3361164	G001
SRR3361165	G001
SRR3361166	G030
SRR3361167	G001
SRR3361168	G052
SRR3361169	G001
SRR3361170	G037
SRR3361171	G002
SRR3361172	G002
SRR3361173	G001
SRR3361174	G018
SRR3361175	G012
SRR3361176	G012
SRR3361177	G001
SRR3361178	G001
SRR3361179	G001
SRR3361180	G018
SRR3361181	G001
SRR3361204	G001
SRR3361205	G001
SRR3361206	G018
SRR3361207	G001
SRR3361208	G001
SRR3361209	G001
SRR3361211	G001
SRR3361212	G004
SRR3361213	G005
SRR3361214	G001
SRR3361215	G010
SRR3361216	G001
SRR3361217	G001
SRR3361218	G002
SRR3361219	G037
SRR3361220	G002
SRR3361221	G003
SRR3361222	G002
SRR3361223	G024
SRR3361224	G001
SRR3361225	G011
SRR3361226	G011
SRR3361227	G001
SRR3361228	G001
SRR3361229	G012
SRR3361230	G018
SRR3361231	G011
SRR3361232	G005
SRR3361233	G004
SRR3361234	G001
SRR3361235	G012
SRR3361236	G001
SRR3361237	G004
SRR3361238	G001
SRR3361239	G030
SRR3361240	G001
SRR3361241	G005
SRR3361242	G004
SRR3361243	G001
SRR3361244	G022
SRR3361245	G010
SRR3361246	G001
SRR3361247	G004
SRR3361248	G005
SRR3361249	G022
SRR3361250	G012
SRR3361251	G001
SRR3361252	G052
SRR3361253	G023
SRR3361254	G146
SRR3361255	G004
SRR3361256	G001
SRR3361257	G012
SRR3361258	G020
SRR3361259	G012
SRR3361260	G012
SRR3361261	G011
SRR3361262	G004
SRR3361263	G010
SRR3361264	G001
SRR3361265	G012
SRR3361266	G001
SRR3361267	G002
SRR3361268	G001
SRR3361269	G005
SRR3361270	G012
SRR3361271	G001
SRR3361272	G001
SRR3361273	G010
SRR3361274	G001
SRR3361275	G001
SRR3361276	G001
SRR3361277	G001
SRR3361278	G001
SRR3361279	G005
SRR3361280	G002
SRR3361281	G001
SRR3361282	G001
SRR3361283	G010
SRR3361284	G011
SRR3361285	G001
SRR3361286	G003
SRR3361287	G001
SRR3361288	G010
SRR3361289	G004
SRR3361290	G001
SRR3361291	G004
SRR3361292	G001
SRR3361293	G005
SRR3361294	G004
SRR3361295	G005
SRR3361296	G001
SRR3361297	G001
SRR3361298	G004
SRR3361299	G012
SRR3361300	G010
SRR3361301	G002
SRR3361302	G010
SRR3361307	G001
SRR3361308	G003
SRR3361309	G003
SRR3361310	G002
SRR3361311	G002
SRR3361312	G002
SRR3361313	G003
SRR3361314	G005
SRR3361315	G024
SRR3361316	G032
SRR3361317	G005
SRR3361318	G003
SRR3361319	G067
SRR3361320	G036
SRR3361321	G002
SRR3361322	G129
SRR3361323	G032
SRR3361324	G005
SRR3361325	G002
SRR3361326	G017
SRR3361327	G003
SRR3361328	G024
SRR3361329	G002
SRR3361331	G132
SRR3361333	G007
SRR3361334	G001
SRR3361335	G011
SRR3361336	G005
SRR3361337	G002
SRR3361338	G054
SRR3361339	G003
SRR3361340	G001
SRR3361341	G008
SRR3361342	G002
SRR3361343	G022
SRR3361344	G002
SRR3361345	G058
SRR3361346	G013
SRR3361347	G002
SRR3361348	G002
SRR3361349	G001
SRR3361350	G022
SRR3361351	G005
SRR3361352	G150
SRR3361353	G001
SRR3361354	G002
SRR3361355	G001
SRR3361356	G002
SRR3361357	G155
LG0186	G005
LG0199	G005
LG0205	G005
LG0211	G005
LG0261	G005
LG0273	G005
LG0285	G005
LG0311	G005
LG0353	G005
LG0355	G005
LG0383	G005
LG0394	G005
LG0458	G005
LG0463	G005
LG0465	G005
LG0493	G005
LG0516	G005
LG0541	G005
LG0621	G005
LG0633	G005
LG0640	G005
LG0660	G005
LG0671	G005
LG0675	G005
LG0735	G005
LG0751	G005
LG0790	G005
LG0795	G005
LG0910	G005
LG0931	G005
LG0989	G005
LG1091	G005
LG1094	G005
LG1114	G005
LG1126	G005
LG1132	G005
LG1133	G005
LG1137	G005
LG1197	G005
LG1248	G005
LG1274	G005
LG1289	G005
LG1291	G005
LG1295	G005
LG1342	G005
LG1346	G005
LG1349	G005
LG1365	G005
LG1375	G005
LG1423	G005
LG1477	G005
LG1548	G005
LG1580	G005
LG1619	G005
LG1628	G005
LG1630	G005
LG1635	G005
LG1636	G005
LG1644	G005
LG1687	G005
LG1719	G005
LG1721	G005
LG1736	G005
LG1737	G005
LG1739	G005
LG1740	G005
LG1745	G005
LG1757	G005
LG1781	G005
LG1799	G005
LG1810	G005
LG1834	G005
LG1850	G005
LG1861	G005
LG1865	G005
NS008	G007
NS028	G007
NS031	G007
NS055	G007
NS056	G007
NS101	G007
NS105	G007
S006	G007
S041	G007
S058	G007
S073	G007
S078	G007
S079	G007
S081	G007
S086	G007
S092	G007
S096	G007
S098	G007
S100	G007
S105	G007
S106	G007
S135	G007
S141	G007
S142	G007
S149	G007
S151	G007
S152	G007
S153a	G007
S154	G007
S155	G007
S158	G007
S163	G007
S184	G007
S201	G007
S203	G007
S206	G007
S207	G007
S217	G007
S241	G007
S253	G007
S255	G007
S256	G007
S257	G007
S276	G007
S278	G007
S280	G007
S281	G007
S283	G007
S288	G007
S289	G007
S290	G007
S292	G007
S293	G007
S302	G007
S306	G007
S308	G007
S310	G007
S311	G007
S316	G007
S317	G007
S319	G007
S320	G007
S329	G007
S330	G007
S339	G007
S343	G007
S346	G007
S349	G007
S350	G007
S352	G007
S353	G007
S358	G007
S359	G007
S360	G007
S361	G007
S364	G007
S366	G007
S368	G007
S373	G007
S377	G007
S378	G007
S380	G007
S382	G007
S387	G007
S397	G007
S399	G007
S401	G007
S405	G007
S406	G007
S407	G007
S414	G007
S415	G007
S416	G007
S417	G007
S418	G007
S419	G007
S423	G007
S424	G007
S425	G007
S427	G007
S430	G007
S433	G007
S438	G007
S441	G007
S445	G007
S446	G007
S448	G007
S449	G007
S453	G007
S458	G007
S461	G007
S463	G007
S464	G007
S465	G007
S466	G007
S474	G007
S478	G007
S481	G007
S488	G007
S491	G007
S492	G007
S493	G007
S508	G007
S509	G007
S511	G007
S514	G007
S515	G007
S517	G007
S522	G007
S524	G007
S525	G007
S526	G007
W0065	G005
W0185	G005
W0204	G005
W0239	G005
W0251	G005
W0255	G005
W0264	G005
W0296	G005
W0306	G005
W0362	G005
W0370	G005
W0420	G005
W0550	G005
W0560	G005
W0561	G005
W0563	G005
W0569	G005
W0587	G005
W0592	G005
W0603	G005
W0604	G005
W0613	G005
W0627	G005
W0725	G005
W0749	G005
W0751	G005
W0761	G005
W0762	G005
W0789	G005
W0885	G005
G7944	G060
G97687	G060
2004-04_2	G001
2004-06_3	G001
2005-02_5	G001
2006-07_7	G001
2006-08_8	G001
2006-11_9	G001
2007-03_11	G001
2007-03_12	G001
2007-06_97	G001
2007-07_94	G001
2007-08_13	G001
2007-08_14	G001
2007-12_1	G001
2009-06_15	G001
2012-07_98	G001
2012-09_99	G001
2013-08_100	G001
2014-04_61	G001
2014-04_62	G001
2014-04_63	G001
2014-06_16	G001
2014-06_64	G001
2014-06_65	G001
2014-08_66	G001
2014-10_67	G001
2014-10_68	G001
2014-10_69	G001
2014-11_17	G001
2015-01_18	G001
2015-02_19	G001
2015-02_20	G001
2015-02_42	G001
2015-03_21	G001
2015-03_22	G001
2015-06_23	G001
2015-06_25	G001
2015-06_70	G001
2015-07_101	G001
2015-07_26	G001
2015-07_27	G001
2015-08_28	G001
2015-09_29	G001
2015-09_30	G001
2015-09_32	G001
2015-10_31	G001
2015-10_33	G001
2015-10_34	G001
2015-10_35	G001
2015-11_36	G001
2015-11_37	G001
2015-12_38	G001
2015-12_39	G001
2015-12_40	G001
2015-12_43	G001
2016-01_44	G001
2016-02_41	G001
2016-02_45	G001
2016-02_46	G001
2016-02_47	G001
2016-02_48	G001
2016-02_73	G001
2016-03_49	G001
2016-03_50	G001
2016-03_51	G001
2016-03_52	G001
2016-03_53	G001
2016-03_54	G001
2016-03_55	G001
2016-04_56	G001
2016-04_57	G001
2016-04_58	G001
2016-06_59	G001
2016-06_60	G001
2016-07_71	G001
2016-07_72	G001
2016-07_74	G001
2016-07_75	G001
2016-07_76	G001
2016-08_77	G001
2016-08_79	G001
2016-09_78	G001
2016-10_80	G001
2016-10_81	G001
2016-10_82	G001
2016-10_83	G001
2016-11_84	G001
2017-01_85	G001
2017-02_86	G001
2017-02_87	G001
2017-02_88	G001
2017-02_89	G001
2017-02_90	G001
2017-02_91	G001
2017-02_92	G001
ECDC_RB13000536	G010
ECDC_RB13000537	G001
ECDC_RB13000567	G001
ECDC_RB13000568	G001
ECDC_RB13000570	G001
ECDC_RB13000571	G010
ECDC_RB13000572	G004
ECDC_RB13000573	G045
ECDC_RB13000574	G009
ECDC_RB13000575	G001
ECDC_RB13001465	G016
ECDC_RB13001466	G003
ECDC_RB13001468	G094
ECDC_RB13001469	G003
ECDC_RB13001471	G004
ECDC_RB13001472	G094
ECDC_RB13001473	G004
ECDC_RB13001474	G003
ECDC_RB13001516	G003
ECDC_RB13001545	G001
ECDC_RB13001546	G018
ECDC_RB13001547	G001
ECDC_RB13001550	G003
ECDC_RB13001559	G001
ECDC_RB13001571	G012
ECDC_RB13001572	G001
ECDC_RB13001573	G012
ECDC_RB13001574	G011
ECDC_RB13001584	G001
ECDC_RB13001585	G095
ECDC_RB13001669	G002
ECDC_RB13001678	G001
ECDC_RB13001679	G006
ECDC_RB13001691	G013
ECDC_RB13001695	G003
ECDC_RB13001950	G147
ECDC_RB13001951	G001
ECDC_RB13001952	G012
ECDC_RB13001954	G004
ECDC_RB13001955	G001
ECDC_RB13001956	G039
ECDC_RB13001957	G009
ECDC_RB13001958	G009
ECDC_RB13001959	G001
ECDC_RB13001960	G001
ECDC_RB13001961	G001
ECDC_RB13001962	G004
ECDC_RB13001963	G001
ECDC_RB13001964	G010
ECDC_RB13001965	G038
ECDC_RB13001967	G027
ECDC_RB13001969	G004
ECDC_RB13001970	G110
ECDC_RB13001971	G011
ECDC_RB13001972	G006
ECDC_RB13001973	G010
ECDC_RB13001975	G011
ECDC_RB13001976	G009
ECDC_RB13001978	G012
ECDC_RB13001979	G004
ECDC_RB13001980	G012
ECDC_RB13001981	G011
ECDC_RB13001982	G011
ECDC_RB13001983	G070
ECDC_RB13001985	G009
ECDC_RB13001986	G011
ECDC_RB13001987	G001
ECDC_RB13001990	G006
ECDC_RB13001991	G009
ECDC_RB13001992	G010
ECDC_RB13001993	G011
ECDC_RB13001995	G010
ECDC_RB13001996	G001
ECDC_RB13001997	G004
ECDC_RB13001998	G009
ECDC_RB13001999	G001
ECDC_RB13002019	G022
ECDC_RB13002064	G172
ECDC_RB13002065	G172
ECDC_RB13002066	G003
ECDC_RB13002081	G018
ECDC_RB13002115	G003
ECDC_RB13002116	G003
ECDC_RB13002130	G002
ECDC_RB13002142	G002
ECDC_RB13002150	G009
ECDC_RB13002151	G017
ECDC_RB13002200	G001
ECDC_RB13002201	G003
ECDC_RB13002204	G003
ECDC_RB13002208	G001
ECDC_RB13002252	G003
ECDC_RB13002254	G001
ECDC_RB13002255	G178
ECDC_RB13002308	G001
ECDC_RB13002309	G003
ECDC_RB13002310	G001
ECDC_RB13002311	G001
ECDC_RB13002323	G017
ECDC_RB13002324	G003
ECDC_RB13002397	G001
ECDC_RB13002398	G010
ECDC_RB13002399	G002