col2	col1	AdjRand	Simpson_col2	Simpson_col1	Wallace	AdjWallace	AdjWallaceIClow	AdjWallaceIChigh	col2_cluster	col1_cluster
MST-1x1.0	MST-0x1.0	0.0	0.9995385136455682	1.0	0.0	0.0	-0.019815475247410536	0.019815475247410536	1908	2422
MST-2x1.0	MST-1x1.0	0.5047918456783594	0.9986343005446084	0.9995385136455682	1.0	0.33760640230548894	0.2962764358802168	0.3789363687307611	1605	1908
MST-3x1.0	MST-2x1.0	0.641155342372696	0.9971099971314854	0.9986343005446084	1.0	0.4718385863857503	0.42843617529345474	0.5152409974780459	1387	1605
MST-4x1.0	MST-3x1.0	0.7650830745896995	0.9953435242345142	0.9971099971314854	1.0	0.6195421399180362	0.579444923311596	0.6596393565244764	1240	1387
MST-5x1.0	MST-4x1.0	0.8276085194651126	0.993416400877131	0.9953435242345142	1.0	0.7059148187323296	0.6663279120401021	0.7455017254245572	1119	1240
MST-6x1.0	MST-5x1.0	0.8565015213350422	0.9912297127631163	0.993416400877131	1.0	0.7490185053285016	0.7118021308412718	0.7862348798157314	1018	1119
MST-7x1.0	MST-6x1.0	0.8744408988620757	0.9887394600848411	0.9912297127631163	1.0	0.7768946988017141	0.7421035423192934	0.8116858552841348	943	1018
MST-8x1.0	MST-7x1.0	0.9303533381219162	0.9870753123218903	0.9887394600848411	1.0	0.8697763207977515	0.8384962505122798	0.9010563910832231	875	943
MST-9x1.0	MST-8x1.0	0.9638744191582218	0.9861199366539204	0.9870753123218903	1.0	0.9302679491564549	0.9073697106965766	0.9531661876163333	823	875
MST-10x1.0	MST-9x1.0	0.9074640793546989	0.983336351924787	0.9861199366539204	1.0	0.8306034265845553	0.8061668093542612	0.8550400438148494	777	823
MST-11x1.0	MST-10x1.0	0.9652198573758931	0.9821568842133124	0.983336351924787	1.0	0.9327777153977701	0.9090532854166116	0.9565021453789286	743	777
MST-12x1.0	MST-11x1.0	0.9643752760471914	0.9808638356030753	0.9821568842133124	1.0	0.9312014803647505	0.9108055904156873	0.9515973703138136	712	743
MST-13x1.0	MST-12x1.0	0.9481020276264926	0.9788132399173076	0.9808638356030753	1.0	0.9013250833511837	0.8767439930260715	0.9259061736762958	669	712
MST-14x1.0	MST-13x1.0	0.9521573432792949	0.9767336521102342	0.9788132399173076	1.0	0.9086835100406544	0.8833235499626284	0.9340434701186804	632	669
MST-15x1.0	MST-14x1.0	0.9226352431505578	0.9729373896380794	0.9767336521102342	1.0	0.8563814968745007	0.8291832281095752	0.8835797656394262	605	632
MST-16x1.0	MST-15x1.0	0.9827464241430323	0.9720137347616558	0.9729373896380794	1.0	0.9660781219816645	0.9500207128396502	0.9821355311236789	581	605
MST-17x1.0	MST-16x1.0	0.9653435807757849	0.9700644409585683	0.9720137347616558	1.0	0.9330088354350511	0.9107676398435314	0.9552500310265708	560	581
MST-18x1.0	MST-17x1.0	0.9891991884734094	0.9694307072952022	0.9700644409585683	1.0	0.9786291989412268	0.9697995666341166	0.987458831248337	545	560
MST-19x1.0	MST-18x1.0	0.9923553652238201	0.9689743371974715	0.9694307072952022	1.0	0.9848267245964586	0.9733584869588927	0.9962949622340245	529	545
MST-20x1.0	MST-19x1.0	0.916804235304809	0.9635487175079328	0.9689743371974715	1.0	0.8463883124236512	0.8234048382908693	0.8693717865564331	520	529
MST-21x1.0	MST-20x1.0	0.9958980938377787	0.9632594784624352	0.9635487175079328	1.0	0.9918297014734307	0.9834426948378275	1.000216708109034	511	520
MST-22x1.0	MST-21x1.0	0.9908406785189197	0.9626056208560453	0.9632594784624352	1.0	0.9818476205171692	0.9697441452038845	0.9939510958304539	496	511
MST-23x1.0	MST-22x1.0	0.9960348515161997	0.9623191104807883	0.9626056208560453	1.0	0.9921010236465111	0.9844882728101008	0.9997137744829214	486	496
MST-24x1.0	MST-23x1.0	0.9990038460289016	0.9622468007194139	0.9623191104807883	1.0	0.9980096747282264	0.9953811085629959	1.0006382408934569	474	486
MST-25x1.0	MST-24x1.0	0.9895302785681471	0.9614786800467012	0.9622468007194139	1.0	0.9792775157735214	0.965717063322234	0.9928379682248089	458	474
MST-26x1.0	MST-25x1.0	0.9937054812926976	0.961009689849108	0.9614786800467012	1.0	0.9874897088470911	0.9816464645164781	0.9933329531777041	447	458
MST-27x1.0	MST-26x1.0	0.9979421202105094	0.9608551788967372	0.961009689849108	1.0	0.9958926927655657	0.9903883808629013	1.0013970046682301	434	447
MST-28x1.0	MST-27x1.0	0.9935053578366873	0.9603636771696595	0.9608551788967372	1.0	0.9870945320695329	0.9764464354390633	0.9977426287000025	427	434
MST-29x1.0	MST-28x1.0	0.9984252395426234	0.9602436156790757	0.9603636771696595	1.0	0.9968554310281192	0.9926288391338076	1.0010820229224309	420	427
MST-30x1.0	MST-29x1.0	0.9990136284364819	0.9601682361636806	0.9602436156790757	1.0	0.998029200813239	0.9963104237493681	0.9997479778771099	414	420
MST-31x1.0	MST-30x1.0	0.9901724992203425	0.9594096658368099	0.9601682361636806	1.0	0.980536278182026	0.9694676286081131	0.991604927755939	405	414
MST-32x1.0	MST-31x1.0	0.9993828693169361	0.9593615730238203	0.9594096658368099	1.0	0.9987664998646533	0.997749349503233	0.9997836502260735	398	405
MST-33x1.0	MST-32x1.0	0.9870461440491428	0.958339344934957	0.9593615730238203	1.0	0.9744236010855649	0.9696019589972703	0.9792452431738595	384	398
MST-34x1.0	MST-33x1.0	0.9948727211055173	0.9579279978961952	0.958339344934957	1.0	0.9897977519819736	0.9826772810274427	0.9969182229365046	374	384
MST-35x1.0	MST-34x1.0	0.9993106839876776	0.9578724012400441	0.9579279978961952	1.0	0.9986223176338701	0.9982689756916883	0.9989756595760519	368	374
MST-36x1.0	MST-35x1.0	0.9504984508802969	0.9536876443423922	0.9578724012400441	1.0	0.9056665534963264	0.8822296443040982	0.9291034626885546	354	368
MST-37x1.0	MST-36x1.0	0.9992822750173339	0.9536242027592996	0.9536876443423922	1.0	0.9985655795540573	0.9974093433721202	0.9997218157359945	346	354
MST-38x1.0	MST-37x1.0	0.9976335130975355	0.9534144362345579	0.9536242027592996	1.0	0.9952782002722828	0.9913190947749435	0.999237305769622	338	346
MST-39x1.0	MST-38x1.0	0.9949319491739915	0.952962159142188	0.9534144362345579	1.0	0.9899150095919508	0.9840917999905814	0.9957382191933202	329	338
MST-40x1.0	MST-39x1.0	0.9997147293772493	0.9529365778586828	0.952962159142188	1.0	0.9994296214667377	0.998910055994336	0.9999491869391395	321	329
MST-41x1.0	MST-40x1.0	1.0	0.9529365778586828	0.9529365778586828	1.0	1.0	1.0	1.0	321	321
MST-42x1.0	MST-41x1.0	0.9979769149689093	0.9527547802039067	0.9529365778586828	1.0	0.9959619991568798	0.9934558656746209	0.9984681326391387	314	321
MST-43x1.0	MST-42x1.0	0.9995076864777731	0.9527104393124979	0.9527547802039067	1.0	0.9990158574622253	0.9975203124267069	1.0005114024977437	309	314
MST-44x1.0	MST-43x1.0	0.997635450455592	0.9524969208661754	0.9527104393124979	1.0	0.9952820567218128	0.9918803519695296	0.998683761474096	306	309
MST-45x1.0	MST-44x1.0	0.9955253432805384	0.9520903490003346	0.9524969208661754	1.0	0.9910905532767239	0.986153134497433	0.9960279720560148	299	306
MST-46x1.0	MST-45x1.0	0.9992527492369672	0.9520221322443211	0.9520903490003346	1.0	0.9985066144074579	0.9971718733465272	0.9998413554683886	294	299
MST-47x1.0	MST-46x1.0	0.9977271037452025	0.9518140711384797	0.9520221322443211	1.0	0.9954645161746054	0.9891983029091522	1.0017307294400586	290	294
MST-48x1.0	MST-47x1.0	0.9999144828950555	0.9518062262115381	0.9518140711384797	1.0	0.9998289804152107	0.9995214124967722	1.0001365483336493	289	290
MST-49x1.0	MST-48x1.0	0.997370309587576	0.9515643978114701	0.9518062262115381	1.0	0.9947544134438262	0.9893641739960799	1.0001446528915725	283	289
MST-50x1.0	MST-49x1.0	0.9998520107647614	0.9515507544602673	0.9515643978114701	1.0	0.999704065324669	0.9992638251589125	1.0001443054904255	280	283
MST-51x1.0	MST-50x1.0	0.9988027433085055	0.9514402433155253	0.9515507544602673	1.0	0.9976083500359341	0.9935539937362963	1.0016627063355719	275	280
MST-52x1.0	MST-51x1.0	0.9997527416932823	0.9514173907022608	0.9514402433155253	1.0	0.9995056056296795	0.9993890761280193	0.9996221351313397	271	275
MST-53x1.0	MST-52x1.0	0.9999077677097046	0.9514088636077591	0.9514173907022608	1.0	0.9998155524314308	0.9994956389402251	1.0001354659226367	269	271
MST-54x1.0	MST-53x1.0	0.9976661119310836	0.9511926164911961	0.9514088636077591	1.0	0.9953430925628726	0.9896082200033115	1.0010779651224337	265	269
MST-55x1.0	MST-54x1.0	0.9854697625194201	0.9498255527006844	0.9511926164911961	1.0	0.9713557330402228	0.9658549442765012	0.9768565218039444	257	265
MST-56x1.0	MST-55x1.0	0.9999606375673096	0.9498218007791036	0.9498255527006844	1.0	0.9999212782332993	0.9998812898310407	0.999961266635558	254	257
MST-57x1.0	MST-56x1.0	0.8741218299728454	0.9362906661400333	0.9498218007791036	1.0	0.7763911347102171	0.7611723278249297	0.7916099415955046	250	254
MST-58x1.0	MST-57x1.0	0.9995398824593517	0.9362357516514423	0.9362906661400333	1.0	0.9990801881402742	0.9989712321554465	0.999189144125102	248	250
MST-59x1.0	MST-58x1.0	0.9954587297836096	0.9356913819384541	0.9362357516514423	1.0	0.9909585193738986	0.982493489771639	0.9994235489761581	242	248
MST-60x1.0	MST-59x1.0	0.9998129738140148	0.9356688704089697	0.9356913819384541	1.0	0.9996260175725366	0.9992457997166185	1.0000062354284547	239	242
MST-61x1.0	MST-60x1.0	0.9999490034354337	0.9356627309009284	0.9356688704089697	1.0	0.9998980120719012	0.9997828577763811	1.0000131663674214	236	239
MST-62x1.0	MST-61x1.0	0.9995950215817249	0.9356139559203788	0.9356627309009284	1.0	0.999190371045703	0.9982762912660246	1.0001044508253814	234	236
MST-63x1.0	MST-62x1.0	0.9976691529910809	0.9353325618018228	0.9356139559203788	1.0	0.9953491464103402	0.9949932814950986	0.9957050113255819	231	234
MST-64x1.0	MST-63x1.0	0.9997209326549112	0.9352987945075961	0.9353325618018228	1.0	0.9994420210235342	0.9989141970297594	0.999969845017309	228	231
MST-65x1.0	MST-64x1.0	0.9990060442348766	0.9351783919332322	0.9352987945075961	1.0	0.998014062403876	0.9968798006057651	0.999148324201987	224	228
MST-66x1.0	MST-65x1.0	0.9851379560422261	0.9333529115423093	0.9351783919332322	1.0	0.9707112034660107	0.9677984129765483	0.973623993955473	220	224
MST-67x1.0	MST-66x1.0	0.9787008206157722	0.9306532334230725	0.9333529115423093	1.0	0.9582900293779347	0.9404718165844139	0.9761082421714555	213	220
MST-68x1.0	MST-67x1.0	0.9985906115597193	0.9304710946845163	0.9306532334230725	1.0	0.9971851902797201	0.9955972013426418	0.9987731792167983	210	213
MST-69x1.0	MST-68x1.0	0.9993308149525223	0.9303844594043791	0.9304710946845163	1.0	0.9986625249233672	0.9974571264688032	0.9998679233779311	207	210
MST-70x1.0	MST-69x1.0	0.9603194559258167	0.9250625291839809	0.9303844594043791	1.0	0.923667814502544	0.9010744370259728	0.9462611919791152	204	207
MST-71x1.0	MST-70x1.0	0.9988669649291921	0.9249052895613696	0.9250625291839809	1.0	0.9977364944895105	0.9956775212623451	0.9997954677166759	200	204
MST-72x1.0	MST-71x1.0	0.9998772421827887	0.9248882353723663	0.9249052895613696	1.0	0.9997545145008415	0.9992872503501263	1.0002217786515566	199	200
MST-73x1.0	MST-72x1.0	0.99997054193435	0.9248841423670054	0.9248882353723663	1.0	0.9999410856042042	0.9998977930936294	0.9999843781147791	196	199
MST-74x1.0	MST-73x1.0	0.9604379655728381	0.9191958881668145	0.9248841423670054	1.0	0.9238871118471309	0.907187975222207	0.9405862484720549	195	196
MST-75x1.0	MST-74x1.0	0.9980217579008119	0.918901532864616	0.9191958881668145	1.0	0.9960513272323287	0.9911899193304018	1.0009127351342555	190	195
MST-76x1.0	MST-75x1.0	0.9996865588906019	0.9188548043867467	0.918901532864616	1.0	0.999373314210293	0.998581207509432	1.000165420911154	186	190
MST-77x1.0	MST-76x1.0	0.9999359592953819	0.9188452540409048	0.9188548043867467	1.0	0.9998719267926623	0.999821228111059	0.9999226254742657	185	186
MST-78x1.0	MST-77x1.0	0.994302845319448	0.9179915213393951	0.9188452540409048	1.0	0.988670238045246	0.9804465489269583	0.9968939271635338	181	185
MST-79x1.0	MST-78x1.0	0.9993388859216725	0.9178919248756152	0.9179915213393951	1.0	0.9986786454094674	0.9974773917210499	0.9998798990978849	180	181
MST-80x1.0	MST-79x1.0	0.9998778191730039	0.9178735063514916	0.9178919248756152	1.0	0.9997556681986693	0.9995209095955817	0.999990426801757	176	180
MST-81x1.0	MST-80x1.0	0.9988879450711847	0.9177056931316983	0.9178735063514916	1.0	0.9977783607272727	0.9966065300238824	0.9989501914306629	172	176
MST-82x1.0	MST-81x1.0	0.999839690951468	0.9176814761833134	0.9177056931316983	1.0	0.9996794332926798	0.9990693322266871	1.0002895343586724	170	172
MST-83x1.0	MST-82x1.0	0.9996637163269668	0.9176306547000833	0.9176814761833134	1.0	0.9993276587513183	0.9984695012516573	1.0001858162509794	168	170
MST-84x1.0	MST-83x1.0	0.99993005867327	0.9176200811029012	0.9176306547000833	1.0	0.9998601271294342	0.9997329148205073	0.999987339438361	166	168
MST-85x1.0	MST-84x1.0	0.9997609075122909	0.9175839262222141	0.9176200811029012	1.0	0.9995219293276879	0.9993697288800005	0.9996741297753753	164	166
MST-86x1.0	MST-85x1.0	0.9990378293607598	0.9174382834481251	0.9175839262222141	1.0	0.9980775084864081	0.997698404645604	0.9984566123272122	161	164
MST-87x1.0	MST-86x1.0	0.9998131531249016	0.9174099734943795	0.9174382834481251	1.0	0.9996263760602687	0.9989549634000803	1.0002977887204572	159	161
MST-88x1.0	MST-87x1.0	0.9999234771420977	0.9173983766458571	0.9174099734943795	1.0	0.999846965994795	0.9997121978231711	0.9999817341664188	157	159
MST-89x1.0	MST-88x1.0	0.999997749475703	0.9173980355620771	0.9173983766458571	1.0	0.9999954989615356	0.9999909979230712	1.0	156	157
MST-90x1.0	MST-89x1.0	1.0	0.9173980355620771	0.9173980355620771	1.0	1.0	1.0	1.0	156	156
MST-91x1.0	MST-90x1.0	1.0	0.9173980355620771	0.9173980355620771	1.0	1.0	1.0	1.0	156	156
MST-92x1.0	MST-91x1.0	0.9999662431502642	0.917392919305376	0.9173980355620771	1.0	0.9999324885795012	0.9998175130304008	1.0000474641286017	155	156
MST-93x1.0	MST-92x1.0	0.9999302418722281	0.917382345708194	0.917392919305376	1.0	0.9998604934761702	0.9997733719192287	0.9999476150331118	152	155
MST-94x1.0	MST-93x1.0	1.0	0.917382345708194	0.917382345708194	1.0	1.0	1.0	1.0	152	152
MST-95x1.0	MST-94x1.0	0.9976845986862867	0.917030688330944	0.917382345708194	1.0	0.9953798947702917	0.9905017709735461	1.000258018567037	149	152
MST-96x1.0	MST-95x1.0	1.0	0.917030688330944	0.917030688330944	1.0	1.0	1.0	1.0	149	149
MST-97x1.0	MST-96x1.0	1.0	0.917030688330944	0.917030688330944	1.0	1.0	1.0	1.0	149	149
MST-98x1.0	MST-97x1.0	1.0	0.917030688330944	0.917030688330944	1.0	1.0	1.0	1.0	149	149
MST-99x1.0	MST-98x1.0	0.9997109222267915	0.9169866885233153	0.917030688330944	1.0	0.9994220115372007	0.9988337549651845	1.000010268109217	148	149
MST-100x1.0	MST-99x1.0	0.9995431380733196	0.9169171074321815	0.9169866885233153	1.0	0.9990866934016513	0.9981133754388335	1.0000600113644693	147	148
MST-101x1.0	MST-100x1.0	0.9999977613377439	0.9169167663484014	0.9169171074321815	1.0	0.9999955226855111	0.9999910453710221	1.0	146	147
MST-102x1.0	MST-101x1.0	0.9991052048833321	0.9167803328363743	0.9169167663484014	1.0	0.9982120096516963	0.9947648244422502	1.0016591948611424	143	146
MST-103x1.0	MST-102x1.0	1.0	0.9167803328363743	0.9167803328363743	1.0	1.0	1.0	1.0	143	143
MST-104x1.0	MST-103x1.0	0.9998368437927901	0.9167554337204293	0.9167803328363743	1.0	0.9996737408167912	0.999043040793635	1.0003044408399473	142	143
MST-105x1.0	MST-104x1.0	1.0	0.9167554337204293	0.9167554337204293	1.0	1.0	1.0	1.0	142	142
MST-106x1.0	MST-105x1.0	0.999897212025984	0.9167397438665462	0.9167554337204293	1.0	0.9997944451805314	0.9994048472308105	1.0001840431302522	141	142
MST-107x1.0	MST-106x1.0	0.9999798913692294	0.9167366741125256	0.9167397438665462	1.0	0.9999597835471566	0.9998977927843252	1.0000217743099882	140	141
MST-108x1.0	MST-107x1.0	0.9984870853584884	0.9165054193096396	0.9167366741125256	1.0	0.996978741623011	0.9953095576133667	0.9986479256326554	137	140
MST-109x1.0	MST-108x1.0	1.0	0.9165054193096396	0.9165054193096396	1.0	1.0	1.0	1.0	137	137
MST-110x1.0	MST-109x1.0	0.9994943143587657	0.9164279932915642	0.9165054193096396	1.0	0.9989891398949717	0.9976600677449354	1.000318212045008	135	137
MST-111x1.0	MST-110x1.0	0.9999087101002722	0.9164140088565814	0.9164279932915642	1.0	0.9998174368667144	0.999500150547152	1.000134723186277	132	135
MST-112x1.0	MST-111x1.0	0.999975509949374	0.9164102569350007	0.9164140088565814	1.0	0.9999510210982437	0.9998720871915713	1.0000299550049163	131	132
MST-113x1.0	MST-112x1.0	0.9980928489854446	0.9161176070517025	0.9164102569350007	1.0	0.9961929585738076	0.9943636471203845	0.9980222700272308	130	131
MST-114x1.0	MST-113x1.0	1.0	0.9161176070517025	0.9161176070517025	1.0	1.0	1.0	1.0	130	130
MST-115x1.0	MST-114x1.0	1.0	0.9161176070517025	0.9161176070517025	1.0	1.0	1.0	1.0	130	130
MST-116x1.0	MST-115x1.0	0.9998757340509277	0.9160985063600187	0.9161176070517025	1.0	0.9997514989820702	0.9994458727158017	1.0000571252483388	129	130
MST-117x1.0	MST-116x1.0	0.9980749470791048	0.9158021045551398	0.9160985063600187	1.0	0.9961572915752868	0.9941377996829049	0.9981767834676686	126	129
MST-118x1.0	MST-117x1.0	0.9999137494935603	0.9157888022877171	0.9158021045551398	1.0	0.9998275138641369	0.9995036886572679	1.000151339071006	125	126
MST-119x1.0	MST-118x1.0	0.9950360958356789	0.9150199994474443	0.9157888022877171	1.0	0.9901212289441405	0.9872978718208545	0.9929445860674264	124	125
MST-120x1.0	MST-119x1.0	1.0	0.9150199994474443	0.9150199994474443	1.0	1.0	1.0	1.0	124	124
MST-121x1.0	MST-120x1.0	1.0	0.9150199994474443	0.9150199994474443	1.0	1.0	1.0	1.0	124	124
MST-122x1.0	MST-121x1.0	1.0	0.9150199994474443	0.9150199994474443	1.0	1.0	1.0	1.0	124	124
MST-123x1.0	MST-122x1.0	0.9999671024803022	0.9150148831907432	0.9150199994474443	1.0	0.9999342071250268	0.9999039525353847	0.9999644617146689	123	124
MST-124x1.0	MST-123x1.0	1.0	0.9150148831907432	0.9150148831907432	1.0	1.0	1.0	1.0	123	123
MST-125x1.0	MST-124x1.0	0.9988672291862921	0.9148385428764482	0.9150148831907432	1.0	0.9977370218082319	0.9942606417011923	1.0012134019152714	120	123
MST-126x1.0	MST-125x1.0	0.9997351905512889	0.91479727173906	0.9148385428764482	1.0	0.999470521313537	0.9984331294894798	1.000507913137594	119	120
MST-127x1.0	MST-126x1.0	1.0	0.91479727173906	0.91479727173906	1.0	1.0	1.0	1.0	119	119
MST-128x1.0	MST-127x1.0	0.9991472730667438	0.9146642490648336	0.91479727173906	1.0	0.9982959991808804	0.9949097459406426	1.0016822524211182	118	119
MST-129x1.0	MST-128x1.0	1.0	0.9146642490648336	0.9146642490648336	1.0	1.0	1.0	1.0	118	118
MST-130x1.0	MST-129x1.0	0.999733496948745	0.9146226368436653	0.9146642490648336	1.0	0.9994671359073968	0.9984229358060199	1.0005113360087736	117	118
MST-131x1.0	MST-130x1.0	0.9997314316892596	0.9145806835387169	0.9146226368436653	1.0	0.9994630075976616	0.9984105437853519	1.0005154714099713	116	117
MST-132x1.0	MST-131x1.0	1.0	0.9145806835387169	0.9145806835387169	1.0	1.0	1.0	1.0	116	116
MST-133x1.0	MST-132x1.0	0.9981081317730814	0.914284622817618	0.9145806835387169	1.0	0.9962234083598928	0.993621427134618	0.9988253895851675	115	116
MST-134x1.0	MST-133x1.0	1.0	0.914284622817618	0.914284622817618	1.0	1.0	1.0	1.0	115	115
MST-135x1.0	MST-134x1.0	1.0	0.914284622817618	0.914284622817618	1.0	1.0	1.0	1.0	115	115
MST-136x1.0	MST-135x1.0	1.0	0.914284622817618	0.914284622817618	1.0	1.0	1.0	1.0	115	115
MST-137x1.0	MST-136x1.0	1.0	0.914284622817618	0.914284622817618	1.0	1.0	1.0	1.0	115	115
MST-138x1.0	MST-137x1.0	0.9982507298843954	0.9140100503746634	0.914284622817618	1.0	0.9965075689740155	0.9948010284328904	0.9982141095151406	113	115
MST-139x1.0	MST-138x1.0	0.999681114293744	0.9139599110589935	0.9140100503746634	1.0	0.9993624318988421	0.9990867595482892	0.999638104249395	112	113
MST-140x1.0	MST-139x1.0	0.9993172400076281	0.9138524696682722	0.9139599110589935	1.0	0.9986354117015525	0.9982824657746653	0.9989883576284396	110	112
MST-141x1.0	MST-140x1.0	0.9996448365142391	0.913796531928341	0.9138524696682722	1.0	0.9992899252211118	0.9983331820971764	1.0002466683450473	109	110
MST-142x1.0	MST-141x1.0	1.0	0.913796531928341	0.913796531928341	1.0	1.0	1.0	1.0	109	109
MST-143x1.0	MST-142x1.0	1.0	0.913796531928341	0.913796531928341	1.0	1.0	1.0	1.0	109	109
MST-144x1.0	MST-143x1.0	0.9998701142841208	0.9137760669015369	0.913796531928341	1.0	0.9997402623044581	0.9994178930397911	1.0000626315691252	108	109
MST-145x1.0	MST-144x1.0	1.0	0.9137760669015369	0.9137760669015369	1.0	1.0	1.0	1.0	108	108
MST-146x1.0	MST-145x1.0	0.9982276892269487	0.9134963782018813	0.9137760669015369	1.0	0.9964616495105886	0.9917280637053271	1.0011952353158502	106	108
MST-147x1.0	MST-146x1.0	1.0	0.9134963782018813	0.9134963782018813	1.0	1.0	1.0	1.0	106	106
MST-148x1.0	MST-147x1.0	0.9999136785080647	0.9134827348506787	0.9134963782018813	1.0	0.999827371917643	0.9995113530430685	1.0001433907922175	104	106
MST-149x1.0	MST-148x1.0	1.0	0.9134827348506787	0.9134827348506787	1.0	1.0	1.0	1.0	104	104
MST-150x1.0	MST-149x1.0	1.0	0.9134827348506787	0.9134827348506787	1.0	1.0	1.0	1.0	104	104
MST-151x1.0	MST-150x1.0	1.0	0.9134827348506787	0.9134827348506787	1.0	1.0	1.0	1.0	104	104
MST-152x1.0	MST-151x1.0	1.0	0.9134827348506787	0.9134827348506787	1.0	1.0	1.0	1.0	104	104
MST-153x1.0	MST-152x1.0	1.0	0.9134827348506787	0.9134827348506787	1.0	1.0	1.0	1.0	104	104
MST-154x1.0	MST-153x1.0	1.0	0.9134827348506787	0.9134827348506787	1.0	1.0	1.0	1.0	104	104
MST-155x1.0	MST-154x1.0	1.0	0.9134827348506787	0.9134827348506787	1.0	1.0	1.0	1.0	104	104
MST-156x1.0	MST-155x1.0	1.0	0.9134827348506787	0.9134827348506787	1.0	1.0	1.0	1.0	104	104
MST-157x1.0	MST-156x1.0	1.0	0.9134827348506787	0.9134827348506787	1.0	1.0	1.0	1.0	104	104
MST-158x1.0	MST-157x1.0	1.0	0.9134827348506787	0.9134827348506787	1.0	1.0	1.0	1.0	104	104
MST-159x1.0	MST-158x1.0	0.9999762637500901	0.9134789829290979	0.9134827348506787	1.0	0.9999525286269726	0.9998760242384748	1.0000290330154704	103	104
MST-160x1.0	MST-159x1.0	1.0	0.9134789829290979	0.9134789829290979	1.0	1.0	1.0	1.0	103	103
MST-161x1.0	MST-160x1.0	1.0	0.9134789829290979	0.9134789829290979	1.0	1.0	1.0	1.0	103	103
MST-162x1.0	MST-161x1.0	1.0	0.9134789829290979	0.9134789829290979	1.0	1.0	1.0	1.0	103	103
MST-163x1.0	MST-162x1.0	1.0	0.9134789829290979	0.9134789829290979	1.0	1.0	1.0	1.0	103	103
MST-164x1.0	MST-163x1.0	1.0	0.9134789829290979	0.9134789829290979	1.0	1.0	1.0	1.0	103	103
MST-165x1.0	MST-164x1.0	1.0	0.9134789829290979	0.9134789829290979	1.0	1.0	1.0	1.0	103	103
MST-166x1.0	MST-165x1.0	1.0	0.9134789829290979	0.9134789829290979	1.0	1.0	1.0	1.0	103	103
MST-167x1.0	MST-166x1.0	1.0	0.9134789829290979	0.9134789829290979	1.0	1.0	1.0	1.0	103	103
MST-168x1.0	MST-167x1.0	1.0	0.9134789829290979	0.9134789829290979	1.0	1.0	1.0	1.0	103	103
MST-169x1.0	MST-168x1.0	1.0	0.9134789829290979	0.9134789829290979	1.0	1.0	1.0	1.0	103	103
MST-170x1.0	MST-169x1.0	1.0	0.9134789829290979	0.9134789829290979	1.0	1.0	1.0	1.0	103	103
MST-171x1.0	MST-170x1.0	0.9996074081637377	0.9134169056811255	0.9134789829290979	1.0	0.9992151244632036	0.9982364947513496	1.0001937541750576	101	103
MST-172x1.0	MST-171x1.0	0.9995214690533987	0.9133411850819505	0.9134169056811255	1.0	0.9990433958714765	0.9977308215932673	1.0003559701496856	98	101
MST-173x1.0	MST-172x1.0	1.0	0.9133411850819505	0.9133411850819505	1.0	1.0	1.0	1.0	98	98
MST-174x1.0	MST-173x1.0	1.0	0.9133411850819505	0.9133411850819505	1.0	1.0	1.0	1.0	98	98
MST-175x1.0	MST-174x1.0	1.0	0.9133411850819505	0.9133411850819505	1.0	1.0	1.0	1.0	98	98
MST-176x1.0	MST-175x1.0	1.0	0.9133411850819505	0.9133411850819505	1.0	1.0	1.0	1.0	98	98
MST-177x1.0	MST-176x1.0	0.9997156474584061	0.9132961620229816	0.9133411850819505	1.0	0.9994314565835776	0.9983156222097267	1.0005472909574284	97	98
MST-178x1.0	MST-177x1.0	1.0	0.9132961620229816	0.9132961620229816	1.0	1.0	1.0	1.0	97	97
MST-179x1.0	MST-178x1.0	0.9997286972113716	0.913253185466693	0.9132961620229816	1.0	0.9994575415932216	0.9993411509849902	0.9995739322014531	96	97
MST-180x1.0	MST-179x1.0	1.0	0.913253185466693	0.913253185466693	1.0	1.0	1.0	1.0	96	96
MST-181x1.0	MST-180x1.0	1.0	0.913253185466693	0.913253185466693	1.0	1.0	1.0	1.0	96	96
MST-182x1.0	MST-181x1.0	1.0	0.913253185466693	0.913253185466693	1.0	1.0	1.0	1.0	96	96
MST-183x1.0	MST-182x1.0	1.0	0.913253185466693	0.913253185466693	1.0	1.0	1.0	1.0	96	96
MST-184x1.0	MST-183x1.0	1.0	0.913253185466693	0.913253185466693	1.0	1.0	1.0	1.0	96	96
MST-185x1.0	MST-184x1.0	1.0	0.913253185466693	0.913253185466693	1.0	1.0	1.0	1.0	96	96
MST-186x1.0	MST-185x1.0	1.0	0.913253185466693	0.913253185466693	1.0	1.0	1.0	1.0	96	96
MST-187x1.0	MST-186x1.0	1.0	0.913253185466693	0.913253185466693	1.0	1.0	1.0	1.0	96	96
MST-188x1.0	MST-187x1.0	0.998916004186272	0.9130812792415388	0.913253185466693	1.0	0.9978343559216589	0.9937591343030229	1.0019095775402949	94	96
MST-189x1.0	MST-188x1.0	1.0	0.9130812792415388	0.9130812792415388	1.0	1.0	1.0	1.0	94	94
MST-190x1.0	MST-189x1.0	1.0	0.9130812792415388	0.9130812792415388	1.0	1.0	1.0	1.0	94	94
MST-191x1.0	MST-190x1.0	1.0	0.9130812792415388	0.9130812792415388	1.0	1.0	1.0	1.0	94	94
MST-192x1.0	MST-191x1.0	1.0	0.9130812792415388	0.9130812792415388	1.0	1.0	1.0	1.0	94	94
MST-193x1.0	MST-192x1.0	1.0	0.9130812792415388	0.9130812792415388	1.0	1.0	1.0	1.0	94	94
MST-194x1.0	MST-193x1.0	0.9878236544916047	0.9111289156844307	0.9130812792415388	1.0	0.9759402685857487	0.9625926434229023	0.989287893748595	93	94
MST-195x1.0	MST-194x1.0	1.0	0.9111289156844307	0.9111289156844307	1.0	1.0	1.0	1.0	93	93
MST-196x1.0	MST-195x1.0	1.0	0.9111289156844307	0.9111289156844307	1.0	1.0	1.0	1.0	93	93
MST-197x1.0	MST-196x1.0	1.0	0.9111289156844307	0.9111289156844307	1.0	1.0	1.0	1.0	93	93
MST-198x1.0	MST-197x1.0	0.9988721467192759	0.9109460947783143	0.9111289156844307	1.0	0.9977468346784519	0.9936394475051552	1.0018542218517485	91	93
MST-199x1.0	MST-198x1.0	0.9998213345523024	0.9109171026570085	0.9109460947783143	1.0	0.9996427329358848	0.9989487870748657	1.000336678796904	90	91
MST-200x1.0	MST-199x1.0	1.0	0.9109171026570085	0.9109171026570085	1.0	1.0	1.0	1.0	90	90
MST-201x1.0	MST-200x1.0	0.9692795314364987	0.9058022102911116	0.9109171026570085	1.0	0.9403903007644431	0.9207542255673128	0.9600263759615734	88	90
MST-202x1.0	MST-201x1.0	1.0	0.9058022102911116	0.9058022102911116	1.0	1.0	1.0	1.0	88	88
MST-203x1.0	MST-202x1.0	0.9999080646764715	0.9057865204372285	0.9058022102911116	1.0	0.9998161462555966	0.9994676793986611	1.0001646131125321	87	88
MST-204x1.0	MST-203x1.0	1.0	0.9057865204372285	0.9057865204372285	1.0	1.0	1.0	1.0	87	87
MST-205x1.0	MST-204x1.0	1.0	0.9057865204372285	0.9057865204372285	1.0	1.0	1.0	1.0	87	87
MST-206x1.0	MST-205x1.0	0.9168227123368835	0.8905625869976816	0.9057865204372285	1.0	0.84641980844601	0.8208577881432859	0.871981828748734	86	87
MST-207x1.0	MST-206x1.0	1.0	0.8905625869976816	0.8905625869976816	1.0	1.0	1.0	1.0	86	86
MST-208x1.0	MST-207x1.0	1.0	0.8905625869976816	0.8905625869976816	1.0	1.0	1.0	1.0	86	86
MST-209x1.0	MST-208x1.0	1.0	0.8905625869976816	0.8905625869976816	1.0	1.0	1.0	1.0	86	86
MST-210x1.0	MST-209x1.0	1.0	0.8905625869976816	0.8905625869976816	1.0	1.0	1.0	1.0	86	86
MST-211x1.0	MST-210x1.0	0.9998355352366024	0.8905305251223553	0.8905625869976816	1.0	0.9996711245616259	0.9992434861271039	1.000098762996148	85	86
MST-212x1.0	MST-211x1.0	1.0	0.8905305251223553	0.8905305251223553	1.0	1.0	1.0	1.0	85	85
MST-213x1.0	MST-212x1.0	1.0	0.8905305251223553	0.8905305251223553	1.0	1.0	1.0	1.0	85	85
MST-214x1.0	MST-213x1.0	0.9996851853530849	0.8904691300419431	0.8905305251223553	1.0	0.9993705688603118	0.9985188521002556	1.0002222856203682	84	85
MST-215x1.0	MST-214x1.0	1.0	0.8904691300419431	0.8904691300419431	1.0	1.0	1.0	1.0	84	84
MST-216x1.0	MST-215x1.0	1.0	0.8904691300419431	0.8904691300419431	1.0	1.0	1.0	1.0	84	84
MST-217x1.0	MST-216x1.0	1.0	0.8904691300419431	0.8904691300419431	1.0	1.0	1.0	1.0	84	84
MST-218x1.0	MST-217x1.0	1.0	0.8904691300419431	0.8904691300419431	1.0	1.0	1.0	1.0	84	84
MST-219x1.0	MST-218x1.0	0.9999143272536808	0.8904524169367197	0.8904691300419431	1.0	0.9998286691857429	0.9995028788782728	1.0001544594932128	83	84
MST-220x1.0	MST-219x1.0	1.0	0.8904524169367197	0.8904524169367197	1.0	1.0	1.0	1.0	83	83
MST-221x1.0	MST-220x1.0	1.0	0.8904524169367197	0.8904524169367197	1.0	1.0	1.0	1.0	83	83
MST-222x1.0	MST-221x1.0	0.6849784279247426	0.8089419205950138	0.8904524169367197	1.0	0.5208875979454595	0.5078132801058236	0.5339619157850953	82	83
MST-223x1.0	MST-222x1.0	1.0	0.8089419205950138	0.8089419205950138	1.0	1.0	1.0	1.0	82	82
MST-224x1.0	MST-223x1.0	1.0	0.8089419205950138	0.8089419205950138	1.0	1.0	1.0	1.0	82	82
MST-225x1.0	MST-224x1.0	0.9999966896898271	0.8089408973436736	0.8089419205950138	1.0	0.9999933794015706	0.9999863571965032	1.000000401606638	81	82
MST-226x1.0	MST-225x1.0	1.0	0.8089408973436736	0.8089408973436736	1.0	1.0	1.0	1.0	81	81
MST-227x1.0	MST-226x1.0	1.0	0.8089408973436736	0.8089408973436736	1.0	1.0	1.0	1.0	81	81
MST-228x1.0	MST-227x1.0	0.9999867588947242	0.8089368043383128	0.8089408973436736	1.0	0.9999735181400975	0.9999624422905216	0.9999845939896734	80	81
MST-229x1.0	MST-228x1.0	1.0	0.8089368043383128	0.8089368043383128	1.0	1.0	1.0	1.0	80	80
MST-230x1.0	MST-229x1.0	0.9923127716671712	0.8065492178778382	0.8089368043383128	1.0	0.9847428286938857	0.9733413524634018	0.9961443049243697	79	80
MST-231x1.0	MST-230x1.0	0.9934225803832469	0.8044883896786683	0.8065492178778382	1.0	0.9869311202723833	0.9763658403975748	0.9974964001471918	78	79
MST-232x1.0	MST-231x1.0	0.999992410122423	0.8044860020922079	0.8044883896786683	1.0	0.9999848203600576	0.9999629378415826	1.0000067028785327	77	78
MST-233x1.0	MST-232x1.0	1.0	0.8044860020922079	0.8044860020922079	1.0	1.0	1.0	1.0	77	77
MST-234x1.0	MST-233x1.0	0.9999967472168019	0.8044849788408677	0.8044860020922079	1.0	0.999993494454765	0.9999865942820385	1.0000003946274916	76	77
MST-235x1.0	MST-234x1.0	1.0	0.8044849788408677	0.8044849788408677	1.0	1.0	1.0	1.0	76	76
MST-236x1.0	MST-235x1.0	1.0	0.8044849788408677	0.8044849788408677	1.0	1.0	1.0	1.0	76	76
MST-237x1.0	MST-236x1.0	1.0	0.8044849788408677	0.8044849788408677	1.0	1.0	1.0	1.0	76	76
MST-238x1.0	MST-237x1.0	1.0	0.8044849788408677	0.8044849788408677	1.0	1.0	1.0	1.0	76	76
MST-239x1.0	MST-238x1.0	1.0	0.8044849788408677	0.8044849788408677	1.0	1.0	1.0	1.0	76	76
MST-240x1.0	MST-239x1.0	0.9961404568117458	0.8032679919135858	0.8044849788408677	1.0	0.9923105912287364	0.9912271229957492	0.9933940594617237	73	76
MST-241x1.0	MST-240x1.0	1.0	0.8032679919135858	0.8032679919135858	1.0	1.0	1.0	1.0	73	73
MST-242x1.0	MST-241x1.0	1.0	0.8032679919135858	0.8032679919135858	1.0	1.0	1.0	1.0	73	73
MST-243x1.0	MST-242x1.0	1.0	0.8032679919135858	0.8032679919135858	1.0	1.0	1.0	1.0	73	73
MST-244x1.0	MST-243x1.0	0.9688949286804942	0.7932479737065335	0.8032679919135858	1.0	0.9396665341201346	0.9182257109530171	0.961107357287252	72	73
MST-245x1.0	MST-244x1.0	1.0	0.7932479737065335	0.7932479737065335	1.0	1.0	1.0	1.0	72	72
MST-246x1.0	MST-245x1.0	1.0	0.7932479737065335	0.7932479737065335	1.0	1.0	1.0	1.0	72	72
MST-247x1.0	MST-246x1.0	0.9979228258091755	0.7925658061463979	0.7932479737065335	1.0	0.995854263036174	0.995621591725699	0.996086934346649	71	72
MST-248x1.0	MST-247x1.0	1.0	0.7925658061463979	0.7925658061463979	1.0	1.0	1.0	1.0	71	71
MST-249x1.0	MST-248x1.0	0.9995229630905232	0.7924089076075668	0.7925658061463979	1.0	0.9990463810924628	0.9982684635234839	0.9998242986614417	70	71
MST-250x1.0	MST-249x1.0	1.0	0.7924089076075668	0.7924089076075668	1.0	1.0	1.0	1.0	70	70
MST-251x1.0	MST-250x1.0	1.0	0.7924089076075668	0.7924089076075668	1.0	1.0	1.0	1.0	70	70
MST-252x1.0	MST-251x1.0	0.9989203911437132	0.7920534983087361	0.7924089076075668	1.0	0.997843110884018	0.9935396650432374	1.0021465567247985	69	70
MST-253x1.0	MST-252x1.0	0.999906815472601	0.7920228007685299	0.7920534983087361	1.0	0.9998136483102961	0.9994510987983365	1.0001761978222556	68	69
MST-254x1.0	MST-253x1.0	0.9988246755448448	0.791635329594373	0.7920228007685299	1.0	0.9976521106214942	0.9961373048067031	0.9991669164362852	67	68
MST-255x1.0	MST-254x1.0	0.9924845285260331	0.7891450769160978	0.791635329594373	1.0	0.985081179025525	0.9739272613398722	0.9962350967111777	66	67
MST-256x1.0	MST-255x1.0	0.9999969252418788	0.7891440536647576	0.7891450769160978	1.0	0.9999938505026658	0.9999873279757668	1.0000003730295648	65	66
MST-257x1.0	MST-256x1.0	0.9996095945734291	0.7890141007445518	0.7891440536647576	1.0	0.9992194938606905	0.9983562696678315	1.0000827180535494	64	65
MST-258x1.0	MST-257x1.0	1.0	0.7890141007445518	0.7890141007445518	1.0	1.0	1.0	1.0	64	64
MST-259x1.0	MST-258x1.0	1.0	0.7890141007445518	0.7890141007445518	1.0	1.0	1.0	1.0	64	64
MST-260x1.0	MST-259x1.0	1.0	0.7890141007445518	0.7890141007445518	1.0	1.0	1.0	1.0	64	64
MST-261x1.0	MST-260x1.0	0.9998668311047662	0.788969759853143	0.7890141007445518	1.0	0.9997336976727189	0.9992111986327895	1.0002561967126482	63	64
MST-262x1.0	MST-261x1.0	0.9998135979774676	0.7889076826051706	0.788969759853143	1.0	0.9996272654334124	0.9991226554710027	1.0001318753958222	62	63
MST-263x1.0	MST-262x1.0	1.0	0.7889076826051706	0.7889076826051706	1.0	1.0	1.0	1.0	62	62
MST-264x1.0	MST-263x1.0	1.0	0.7889076826051706	0.7889076826051706	1.0	1.0	1.0	1.0	62	62
MST-265x1.0	MST-264x1.0	1.0	0.7889076826051706	0.7889076826051706	1.0	1.0	1.0	1.0	62	62
MST-266x1.0	MST-265x1.0	1.0	0.7889076826051706	0.7889076826051706	1.0	1.0	1.0	1.0	62	62
MST-267x1.0	MST-266x1.0	1.0	0.7889076826051706	0.7889076826051706	1.0	1.0	1.0	1.0	62	62
MST-268x1.0	MST-267x1.0	1.0	0.7889076826051706	0.7889076826051706	1.0	1.0	1.0	1.0	62	62
MST-269x1.0	MST-268x1.0	0.9997102348352184	0.7888111558954114	0.7889076826051706	1.0	0.9994206375494928	0.9987986729250969	1.0000426021738889	60	62
MST-270x1.0	MST-269x1.0	0.9992141293169563	0.7885492035523194	0.7888111558954114	1.0	0.9984294928494397	0.9974599278040275	0.999399057894852	59	60
MST-271x1.0	MST-270x1.0	1.0	0.7885492035523194	0.7885492035523194	1.0	1.0	1.0	1.0	59	59
MST-272x1.0	MST-271x1.0	1.0	0.7885492035523194	0.7885492035523194	1.0	1.0	1.0	1.0	59	59
MST-273x1.0	MST-272x1.0	1.0	0.7885492035523194	0.7885492035523194	1.0	1.0	1.0	1.0	59	59
MST-274x1.0	MST-273x1.0	0.9978547680831311	0.7878329276141769	0.7885492035523194	1.0	0.9957187205036829	0.9896870847306699	1.001750356276696	58	59
MST-275x1.0	MST-274x1.0	1.0	0.7878329276141769	0.7878329276141769	1.0	1.0	1.0	1.0	58	58
MST-276x1.0	MST-275x1.0	1.0	0.7878329276141769	0.7878329276141769	1.0	1.0	1.0	1.0	58	58
MST-277x1.0	MST-276x1.0	0.9989273292459782	0.7874741074775455	0.7878329276141769	1.0	0.997856957271216	0.9935810404510587	1.0021328740913733	57	58
MST-278x1.0	MST-277x1.0	0.9978565874284517	0.7867557850367228	0.7874741074775455	1.0	0.9957223436393237	0.9896957469523752	1.0017489403262723	56	57
MST-279x1.0	MST-278x1.0	0.999866846680411	0.7867111030615339	0.7867557850367228	1.0	0.9997337288157141	0.999211214774777	1.0002562428566513	55	56
MST-280x1.0	MST-279x1.0	0.986015125746334	0.7819799299482133	0.7867111030615339	1.0	0.9724160101225188	0.9709934564698887	0.9738385637751489	54	55
MST-281x1.0	MST-280x1.0	1.0	0.7819799299482133	0.7819799299482133	1.0	1.0	1.0	1.0	54	54
MST-282x1.0	MST-281x1.0	1.0	0.7819799299482133	0.7819799299482133	1.0	1.0	1.0	1.0	54	54
MST-283x1.0	MST-282x1.0	1.0	0.7819799299482133	0.7819799299482133	1.0	1.0	1.0	1.0	54	54
MST-284x1.0	MST-283x1.0	0.9884667915549414	0.7780216526805263	0.7819799299482133	1.0	0.977196579709355	0.9636719290434241	0.9907212303752859	53	54
MST-285x1.0	MST-284x1.0	0.9947520845457664	0.7762036761327649	0.7780216526805263	1.0	0.9895589627721589	0.9802943576708366	0.9988235678734813	52	53
MST-286x1.0	MST-285x1.0	1.0	0.7762036761327649	0.7762036761327649	1.0	1.0	1.0	1.0	52	52
MST-287x1.0	MST-286x1.0	1.0	0.7762036761327649	0.7762036761327649	1.0	1.0	1.0	1.0	52	52
MST-288x1.0	MST-287x1.0	1.0	0.7762036761327649	0.7762036761327649	1.0	1.0	1.0	1.0	52	52
MST-289x1.0	MST-288x1.0	1.0	0.7762036761327649	0.7762036761327649	1.0	1.0	1.0	1.0	52	52
MST-290x1.0	MST-289x1.0	1.0	0.7762036761327649	0.7762036761327649	1.0	1.0	1.0	1.0	52	52
MST-291x1.0	MST-290x1.0	1.0	0.7762036761327649	0.7762036761327649	1.0	1.0	1.0	1.0	52	52
MST-292x1.0	MST-291x1.0	1.0	0.7762036761327649	0.7762036761327649	1.0	1.0	1.0	1.0	52	52
MST-293x1.0	MST-292x1.0	0.9976400001932668	0.7753826874741416	0.7762036761327649	1.0	0.9952911133580985	0.9893737688585126	1.0012084578576843	50	52
MST-294x1.0	MST-293x1.0	1.0	0.7753826874741416	0.7753826874741416	1.0	1.0	1.0	1.0	50	50
MST-295x1.0	MST-294x1.0	0.9929303873759654	0.7729105122362101	0.7753826874741416	1.0	0.9859600318877382	0.9835556513758684	0.9883644123996079	49	50
MST-296x1.0	MST-295x1.0	0.999774607541903	0.7728313807992343	0.7729105122362101	1.0	0.9995493166644308	0.9991495014951375	0.9999491318337241	48	49
MST-297x1.0	MST-296x1.0	0.9849694861187341	0.7675101327463963	0.7728313807992343	1.0	0.9703841142197936	0.968981646017773	0.9717865824218143	46	48
MST-298x1.0	MST-297x1.0	1.0	0.7675101327463963	0.7675101327463963	1.0	1.0	1.0	1.0	46	46
MST-299x1.0	MST-298x1.0	0.9434988914187752	0.7467176655134624	0.7675101327463963	1.0	0.8930410803693333	0.8922219915862989	0.8938601691523677	45	46
MST-300x1.0	MST-299x1.0	1.0	0.7467176655134624	0.7467176655134624	1.0	1.0	1.0	1.0	45	45
MST-301x1.0	MST-300x1.0	1.0	0.7467176655134624	0.7467176655134624	1.0	1.0	1.0	1.0	45	45
MST-302x1.0	MST-301x1.0	1.0	0.7467176655134624	0.7467176655134624	1.0	1.0	1.0	1.0	45	45
MST-303x1.0	MST-302x1.0	1.0	0.7467176655134624	0.7467176655134624	1.0	1.0	1.0	1.0	45	45
MST-304x1.0	MST-303x1.0	1.0	0.7467176655134624	0.7467176655134624	1.0	1.0	1.0	1.0	45	45
MST-305x1.0	MST-304x1.0	1.0	0.7467176655134624	0.7467176655134624	1.0	1.0	1.0	1.0	45	45
MST-306x1.0	MST-305x1.0	1.0	0.7467176655134624	0.7467176655134624	1.0	1.0	1.0	1.0	45	45
MST-307x1.0	MST-306x1.0	1.0	0.7467176655134624	0.7467176655134624	1.0	1.0	1.0	1.0	45	45
MST-308x1.0	MST-307x1.0	1.0	0.7467176655134624	0.7467176655134624	1.0	1.0	1.0	1.0	45	45
MST-309x1.0	MST-308x1.0	1.0	0.7467176655134624	0.7467176655134624	1.0	1.0	1.0	1.0	45	45
MST-310x1.0	MST-309x1.0	0.9951738145607879	0.7448877510333987	0.7467176655134624	1.0	0.9903939895095338	0.9818698823549655	0.9989180966641021	44	45
MST-311x1.0	MST-310x1.0	1.0	0.7448877510333987	0.7448877510333987	1.0	1.0	1.0	1.0	44	44
MST-312x1.0	MST-311x1.0	1.0	0.7448877510333987	0.7448877510333987	1.0	1.0	1.0	1.0	44	44
MST-313x1.0	MST-312x1.0	1.0	0.7448877510333987	0.7448877510333987	1.0	1.0	1.0	1.0	44	44
MST-314x1.0	MST-313x1.0	1.0	0.7448877510333987	0.7448877510333987	1.0	1.0	1.0	1.0	44	44
MST-315x1.0	MST-314x1.0	1.0	0.7448877510333987	0.7448877510333987	1.0	1.0	1.0	1.0	44	44
MST-316x1.0	MST-315x1.0	1.0	0.7448877510333987	0.7448877510333987	1.0	1.0	1.0	1.0	44	44
MST-317x1.0	MST-316x1.0	0.9980669356415074	0.7441523744035723	0.7448877510333987	1.0	0.9961413303398061	0.9907045467037211	1.0015781139758912	43	44
MST-318x1.0	MST-317x1.0	0.6125210823703758	0.5621773560617921	0.7441523744035723	1.0	0.4414633437579072	0.41886617120006453	0.46406051631574985	42	43
MST-319x1.0	MST-318x1.0	1.0	0.5621773560617921	0.5621773560617921	1.0	1.0	1.0	1.0	42	42
MST-320x1.0	MST-319x1.0	0.9978969592974744	0.5611418257055062	0.5621773560617921	1.0	0.995802745591808	0.9944753098274878	0.9971301813561283	41	42
MST-321x1.0	MST-320x1.0	0.9966841595756091	0.5595080343989813	0.5611418257055062	1.0	0.993390236073641	0.9858907194230332	1.0008897527242488	38	41
MST-322x1.0	MST-321x1.0	1.0	0.5595080343989813	0.5595080343989813	1.0	1.0	1.0	1.0	38	38
MST-323x1.0	MST-322x1.0	1.0	0.5595080343989813	0.5595080343989813	1.0	1.0	1.0	1.0	38	38
MST-324x1.0	MST-323x1.0	0.9989089063048868	0.5589701452778144	0.5595080343989813	1.0	0.9978201909856457	0.9934674765449976	1.0021729054262938	37	38
MST-325x1.0	MST-324x1.0	1.0	0.5589701452778144	0.5589701452778144	1.0	1.0	1.0	1.0	37	37
MST-326x1.0	MST-325x1.0	0.8572555030168691	0.487385528019862	0.5589701452778144	1.0	0.7501725059976585	0.7120917662142375	0.7882532457810795	36	37
MST-327x1.0	MST-326x1.0	1.0	0.487385528019862	0.487385528019862	1.0	1.0	1.0	1.0	36	36
MST-328x1.0	MST-327x1.0	1.0	0.487385528019862	0.487385528019862	1.0	1.0	1.0	1.0	36	36
MST-329x1.0	MST-328x1.0	1.0	0.487385528019862	0.487385528019862	1.0	1.0	1.0	1.0	36	36
MST-330x1.0	MST-329x1.0	1.0	0.487385528019862	0.487385528019862	1.0	1.0	1.0	1.0	36	36
MST-331x1.0	MST-330x1.0	1.0	0.487385528019862	0.487385528019862	1.0	1.0	1.0	1.0	36	36
MST-332x1.0	MST-331x1.0	0.9941594791064605	0.48446755628138183	0.487385528019862	1.0	0.9883867854352278	0.9780510732037347	0.9987224976667209	35	36
MST-333x1.0	MST-332x1.0	1.0	0.48446755628138183	0.48446755628138183	1.0	1.0	1.0	1.0	35	35
MST-334x1.0	MST-333x1.0	1.0	0.48446755628138183	0.48446755628138183	1.0	1.0	1.0	1.0	35	35
MST-335x1.0	MST-334x1.0	1.0	0.48446755628138183	0.48446755628138183	1.0	1.0	1.0	1.0	35	35
MST-336x1.0	MST-335x1.0	1.0	0.48446755628138183	0.48446755628138183	1.0	1.0	1.0	1.0	35	35
MST-337x1.0	MST-336x1.0	0.9999945373870226	0.4844648276111413	0.48446755628138183	1.0	0.9999890748337251	0.9999820226692189	0.9999961269982314	34	35
MST-338x1.0	MST-337x1.0	1.0	0.4844648276111413	0.4844648276111413	1.0	1.0	1.0	1.0	34	34
MST-339x1.0	MST-338x1.0	1.0	0.4844648276111413	0.4844648276111413	1.0	1.0	1.0	1.0	34	34
MST-340x1.0	MST-339x1.0	1.0	0.4844648276111413	0.4844648276111413	1.0	1.0	1.0	1.0	34	34
MST-341x1.0	MST-340x1.0	0.9997883223190236	0.4843590916393202	0.4844648276111413	1.0	0.9995767342339629	0.998993335197966	1.00016013326996	33	34
MST-342x1.0	MST-341x1.0	0.9998641151080506	0.4842912159670868	0.4843590916393202	1.0	0.9997282671404915	0.9991915691525283	1.0002649651284545	32	33
MST-343x1.0	MST-342x1.0	1.0	0.4842912159670868	0.4842912159670868	1.0	1.0	1.0	1.0	32	32
MST-344x1.0	MST-343x1.0	1.0	0.4842912159670868	0.4842912159670868	1.0	1.0	1.0	1.0	32	32
MST-345x1.0	MST-344x1.0	0.9952050471192909	0.48189646674723063	0.4842912159670868	1.0	0.9904558579499982	0.981153619073711	0.9997580968262855	30	32
MST-346x1.0	MST-345x1.0	1.0	0.48189646674723063	0.48189646674723063	1.0	1.0	1.0	1.0	30	30
MST-347x1.0	MST-346x1.0	1.0	0.48189646674723063	0.48189646674723063	1.0	1.0	1.0	1.0	30	30
MST-348x1.0	MST-347x1.0	1.0	0.48189646674723063	0.48189646674723063	1.0	1.0	1.0	1.0	30	30
MST-349x1.0	MST-348x1.0	0.9999562838973494	0.48187463738530634	0.48189646674723063	1.0	0.9999125716167268	0.9998031903073908	1.0000219529260626	29	30
MST-350x1.0	MST-349x1.0	0.9998633862861654	0.4818064206292928	0.48187463738530634	1.0	0.9997268098938459	0.9991871999835885	1.0002664198041034	28	29
MST-351x1.0	MST-350x1.0	1.0	0.4818064206292928	0.4818064206292928	1.0	1.0	1.0	1.0	28	28
MST-352x1.0	MST-351x1.0	1.0	0.4818064206292928	0.4818064206292928	1.0	1.0	1.0	1.0	28	28
MST-353x1.0	MST-352x1.0	1.0	0.4818064206292928	0.4818064206292928	1.0	1.0	1.0	1.0	28	28
MST-354x1.0	MST-353x1.0	1.0	0.4818064206292928	0.4818064206292928	1.0	1.0	1.0	1.0	28	28
MST-355x1.0	MST-354x1.0	1.0	0.4818064206292928	0.4818064206292928	1.0	1.0	1.0	1.0	28	28
MST-356x1.0	MST-355x1.0	0.9856466300559059	0.4746429790803085	0.4818064206292928	1.0	0.9716994681155638	0.9558118445687616	0.9875870916623661	25	28
MST-357x1.0	MST-356x1.0	0.9978002468080462	0.47354605364361047	0.4746429790803085	1.0	0.9956101502021975	0.9936739673744344	0.9975463330299605	24	25
MST-358x1.0	MST-357x1.0	0.9988150948758585	0.472955296536533	0.47354605364361047	1.0	0.9976329944287473	0.9929058095431845	1.0023601793143102	23	24
MST-359x1.0	MST-358x1.0	0.9956476594613636	0.47078600369530166	0.472955296536533	1.0	0.9913330404819842	0.9895045882468932	0.9931614927170752	22	23
MST-360x1.0	MST-359x1.0	1.0	0.47078600369530166	0.47078600369530166	1.0	1.0	1.0	1.0	22	22
MST-361x1.0	MST-360x1.0	0.9998514612686971	0.47071198851502694	0.47078600369530166	1.0	0.9997029666583499	0.9991156891307996	1.0002902441859	21	22
MST-362x1.0	MST-361x1.0	0.7606228625837319	0.35308344853438	0.47071198851502694	1.0	0.6137138080257021	0.5678211439395712	0.659606472111833	20	21
MST-363x1.0	MST-362x1.0	1.0	0.35308344853438	0.35308344853438	1.0	1.0	1.0	1.0	20	20
MST-364x1.0	MST-363x1.0	1.0	0.35308344853438	0.35308344853438	1.0	1.0	1.0	1.0	20	20
MST-365x1.0	MST-364x1.0	1.0	0.35308344853438	0.35308344853438	1.0	1.0	1.0	1.0	20	20
MST-366x1.0	MST-365x1.0	1.0	0.35308344853438	0.35308344853438	1.0	1.0	1.0	1.0	20	20
MST-367x1.0	MST-366x1.0	1.0	0.35308344853438	0.35308344853438	1.0	1.0	1.0	1.0	20	20
MST-368x1.0	MST-367x1.0	1.0	0.35308344853438	0.35308344853438	1.0	1.0	1.0	1.0	20	20
MST-369x1.0	MST-368x1.0	1.0	0.35308344853438	0.35308344853438	1.0	1.0	1.0	1.0	20	20
MST-370x1.0	MST-369x1.0	1.0	0.35308344853438	0.35308344853438	1.0	1.0	1.0	1.0	20	20
MST-371x1.0	MST-370x1.0	1.0	0.35308344853438	0.35308344853438	1.0	1.0	1.0	1.0	20	20
MST-372x1.0	MST-371x1.0	0.9947835255279719	0.35070404808462696	0.35308344853438	1.0	0.9896211918437411	0.9867069342792485	0.9925354494082337	19	20
MST-373x1.0	MST-372x1.0	1.0	0.35070404808462696	0.35070404808462696	1.0	1.0	1.0	1.0	19	19
MST-374x1.0	MST-373x1.0	1.0	0.35070404808462696	0.35070404808462696	1.0	1.0	1.0	1.0	19	19
MST-375x1.0	MST-374x1.0	1.0	0.35070404808462696	0.35070404808462696	1.0	1.0	1.0	1.0	19	19
MST-376x1.0	MST-375x1.0	0.9062912334849943	0.30918869470989285	0.35070404808462696	1.0	0.8286403668252575	0.7875545072041035	0.8697262264464116	18	19
MST-377x1.0	MST-376x1.0	1.0	0.30918869470989285	0.30918869470989285	1.0	1.0	1.0	1.0	18	18
MST-378x1.0	MST-377x1.0	1.0	0.30918869470989285	0.30918869470989285	1.0	1.0	1.0	1.0	18	18
MST-379x1.0	MST-378x1.0	1.0	0.30918869470989285	0.30918869470989285	1.0	1.0	1.0	1.0	18	18
MST-380x1.0	MST-379x1.0	0.996810304298504	0.30782777042742226	0.30918869470989285	1.0	0.9936408922157729	0.9846657633923448	1.002616021039201	17	18
MST-381x1.0	MST-380x1.0	0.9935906248988505	0.30510319319224066	0.30782777042742226	1.0	0.9872628867343267	0.9745703310766455	0.999955442392008	16	17
MST-382x1.0	MST-381x1.0	0.9788707558399574	0.2962169374701339	0.30510319319224066	1.0	0.9586159258862026	0.9358589272091906	0.9813729245632146	14	16
MST-383x1.0	MST-382x1.0	1.0	0.2962169374701339	0.2962169374701339	1.0	1.0	1.0	1.0	14	14
MST-384x1.0	MST-383x1.0	0.9999607327433271	0.29620056544869056	0.2962169374701339	1.0	0.9999214685703681	0.9997722941464803	1.000070642994256	13	14
MST-385x1.0	MST-384x1.0	0.9983512777590505	0.295513622715634	0.29620056544869056	1.0	0.9967079831395167	0.9901321151530319	1.0032838511260014	12	13
MST-386x1.0	MST-385x1.0	1.0	0.295513622715634	0.295513622715634	1.0	1.0	1.0	1.0	12	12
MST-387x1.0	MST-386x1.0	1.0	0.295513622715634	0.295513622715634	1.0	1.0	1.0	1.0	12	12
MST-388x1.0	MST-387x1.0	1.0	0.295513622715634	0.295513622715634	1.0	1.0	1.0	1.0	12	12
MST-389x1.0	MST-388x1.0	1.0	0.295513622715634	0.295513622715634	1.0	1.0	1.0	1.0	12	12
MST-390x1.0	MST-389x1.0	1.0	0.295513622715634	0.295513622715634	1.0	1.0	1.0	1.0	12	12
MST-391x1.0	MST-390x1.0	1.0	0.295513622715634	0.295513622715634	1.0	1.0	1.0	1.0	12	12
MST-392x1.0	MST-391x1.0	1.0	0.295513622715634	0.295513622715634	1.0	1.0	1.0	1.0	12	12
MST-393x1.0	MST-392x1.0	0.9983482310576308	0.2948263388987974	0.295513622715634	1.0	0.996701909798226	0.990113906137449	1.003289913459003	11	12
MST-394x1.0	MST-393x1.0	1.0	0.2948263388987974	0.2948263388987974	1.0	1.0	1.0	1.0	11	11
MST-395x1.0	MST-394x1.0	1.0	0.2948263388987974	0.2948263388987974	1.0	1.0	1.0	1.0	11	11
MST-396x1.0	MST-395x1.0	1.0	0.2948263388987974	0.2948263388987974	1.0	1.0	1.0	1.0	11	11
MST-397x1.0	MST-396x1.0	1.0	0.2948263388987974	0.2948263388987974	1.0	1.0	1.0	1.0	11	11
MST-398x1.0	MST-397x1.0	1.0	0.2948263388987974	0.2948263388987974	1.0	1.0	1.0	1.0	11	11
MST-399x1.0	MST-398x1.0	1.0	0.2948263388987974	0.2948263388987974	1.0	1.0	1.0	1.0	11	11
MST-400x1.0	MST-399x1.0	0.5021053722897851	0.12292011374461898	0.2948263388987974	1.0	0.3352074057821664	0.26575281908930715	0.40466199247502566	10	11
MST-401x1.0	MST-400x1.0	1.0	0.12292011374461898	0.12292011374461898	1.0	1.0	1.0	1.0	10	10
MST-402x1.0	MST-401x1.0	1.0	0.12292011374461898	0.12292011374461898	1.0	1.0	1.0	1.0	10	10
MST-403x1.0	MST-402x1.0	1.0	0.12292011374461898	0.12292011374461898	1.0	1.0	1.0	1.0	10	10
MST-404x1.0	MST-403x1.0	1.0	0.12292011374461898	0.12292011374461898	1.0	1.0	1.0	1.0	10	10
MST-405x1.0	MST-404x1.0	1.0	0.12292011374461898	0.12292011374461898	1.0	1.0	1.0	1.0	10	10
MST-406x1.0	MST-405x1.0	1.0	0.12292011374461898	0.12292011374461898	1.0	1.0	1.0	1.0	10	10
MST-407x1.0	MST-406x1.0	1.0	0.12292011374461898	0.12292011374461898	1.0	1.0	1.0	1.0	10	10
MST-408x1.0	MST-407x1.0	1.0	0.12292011374461898	0.12292011374461898	1.0	1.0	1.0	1.0	10	10
MST-409x1.0	MST-408x1.0	1.0	0.12292011374461898	0.12292011374461898	1.0	1.0	1.0	1.0	10	10
MST-410x1.0	MST-409x1.0	1.0	0.12292011374461898	0.12292011374461898	1.0	1.0	1.0	1.0	10	10
MST-411x1.0	MST-410x1.0	1.0	0.12292011374461898	0.12292011374461898	1.0	1.0	1.0	1.0	10	10
MST-412x1.0	MST-411x1.0	1.0	0.12292011374461898	0.12292011374461898	1.0	1.0	1.0	1.0	10	10
MST-413x1.0	MST-412x1.0	0.9964057814210646	0.1221472178989853	0.12292011374461898	1.0	0.992837307125932	0.9785277138839114	1.0071469003679525	9	10
MST-414x1.0	MST-413x1.0	0.7911806151788311	0.08346865832307526	0.1221472178989853	1.0	0.6545068892123012	0.5599754806492635	0.7490382977753388	7	9
MST-415x1.0	MST-414x1.0	1.0	0.08346865832307526	0.08346865832307526	1.0	1.0	1.0	1.0	7	7
MST-416x1.0	MST-415x1.0	1.0	0.08346865832307526	0.08346865832307526	1.0	1.0	1.0	1.0	7	7
MST-417x1.0	MST-416x1.0	1.0	0.08346865832307526	0.08346865832307526	1.0	1.0	1.0	1.0	7	7
MST-418x1.0	MST-417x1.0	1.0	0.08346865832307526	0.08346865832307526	1.0	1.0	1.0	1.0	7	7
MST-419x1.0	MST-418x1.0	1.0	0.08346865832307526	0.08346865832307526	1.0	1.0	1.0	1.0	7	7
MST-420x1.0	MST-419x1.0	1.0	0.08346865832307526	0.08346865832307526	1.0	1.0	1.0	1.0	7	7
MST-421x1.0	MST-420x1.0	1.0	0.08346865832307526	0.08346865832307526	1.0	1.0	1.0	1.0	7	7
MST-422x1.0	MST-421x1.0	1.0	0.08346865832307526	0.08346865832307526	1.0	1.0	1.0	1.0	7	7
MST-423x1.0	MST-422x1.0	1.0	0.08346865832307526	0.08346865832307526	1.0	1.0	1.0	1.0	7	7
MST-424x1.0	MST-423x1.0	1.0	0.08346865832307526	0.08346865832307526	1.0	1.0	1.0	1.0	7	7
MST-425x1.0	MST-424x1.0	1.0	0.08346865832307526	0.08346865832307526	1.0	1.0	1.0	1.0	7	7
MST-426x1.0	MST-425x1.0	0.9948124879092474	0.08267836720465815	0.08346865832307526	1.0	0.9896785186279069	0.9690578124421996	1.0102992248136142	6	7
MST-427x1.0	MST-426x1.0	1.0	0.08267836720465815	0.08267836720465815	1.0	1.0	1.0	1.0	6	6
MST-428x1.0	MST-427x1.0	1.0	0.08267836720465815	0.08267836720465815	1.0	1.0	1.0	1.0	6	6
MST-429x1.0	MST-428x1.0	1.0	0.08267836720465815	0.08267836720465815	1.0	1.0	1.0	1.0	6	6
MST-430x1.0	MST-429x1.0	1.0	0.08267836720465815	0.08267836720465815	1.0	1.0	1.0	1.0	6	6
MST-431x1.0	MST-430x1.0	1.0	0.08267836720465815	0.08267836720465815	1.0	1.0	1.0	1.0	6	6
MST-432x1.0	MST-431x1.0	0.22902495215370397	0.011521469006910645	0.08267836720465815	1.0	0.12932138848157335	-0.04370965895962117	0.30235243592276784	5	6
MST-433x1.0	MST-432x1.0	1.0	0.011521469006910645	0.011521469006910645	1.0	1.0	1.0	1.0	5	5
MST-434x1.0	MST-433x1.0	1.0	0.011521469006910645	0.011521469006910645	1.0	1.0	1.0	1.0	5	5
MST-435x1.0	MST-434x1.0	1.0	0.011521469006910645	0.011521469006910645	1.0	1.0	1.0	1.0	5	5
MST-436x1.0	MST-435x1.0	1.0	0.011521469006910645	0.011521469006910645	1.0	1.0	1.0	1.0	5	5
MST-437x1.0	MST-436x1.0	1.0	0.011521469006910645	0.011521469006910645	1.0	1.0	1.0	1.0	5	5
MST-438x1.0	MST-437x1.0	0.8790397418830485	0.009057479779700839	0.011521469006910645	1.0	0.7841845734653484	0.5355507865468875	1.0328183603838095	4	5
MST-439x1.0	MST-438x1.0	1.0	0.009057479779700839	0.009057479779700839	1.0	1.0	1.0	1.0	4	4
MST-440x1.0	MST-439x1.0	1.0	0.009057479779700839	0.009057479779700839	1.0	1.0	1.0	1.0	4	4
MST-441x1.0	MST-440x1.0	1.0	0.009057479779700839	0.009057479779700839	1.0	1.0	1.0	1.0	4	4
MST-442x1.0	MST-441x1.0	1.0	0.009057479779700839	0.009057479779700839	1.0	1.0	1.0	1.0	4	4
MST-443x1.0	MST-442x1.0	0.9520310048820975	0.00823512678595728	0.009057479779700839	1.0	0.9084534077985666	0.7255499375656573	1.091356878031476	3	4
MST-444x1.0	MST-443x1.0	1.0	0.00823512678595728	0.00823512678595728	1.0	1.0	1.0	1.0	3	3
MST-445x1.0	MST-444x1.0	1.0	0.00823512678595728	0.00823512678595728	1.0	1.0	1.0	1.0	3	3
MST-446x1.0	MST-445x1.0	1.0	0.00823512678595728	0.00823512678595728	1.0	1.0	1.0	1.0	3	3
MST-447x1.0	MST-446x1.0	1.0	0.00823512678595728	0.00823512678595728	1.0	1.0	1.0	1.0	3	3
MST-448x1.0	MST-447x1.0	1.0	0.00823512678595728	0.00823512678595728	1.0	1.0	1.0	1.0	3	3
MST-449x1.0	MST-448x1.0	1.0	0.00823512678595728	0.00823512678595728	1.0	1.0	1.0	1.0	3	3
MST-450x1.0	MST-449x1.0	1.0	0.00823512678595728	0.00823512678595728	1.0	1.0	1.0	1.0	3	3
MST-451x1.0	MST-450x1.0	1.0	0.00823512678595728	0.00823512678595728	1.0	1.0	1.0	1.0	3	3
MST-452x1.0	MST-451x1.0	0.570011316445399	0.0032989623208159458	0.00823512678595728	1.0	0.3986124666584724	-0.09038703617555299	0.8876119694924978	2	3
MST-453x1.0	MST-452x1.0	1.0	0.0032989623208159458	0.0032989623208159458	1.0	1.0	1.0	1.0	2	2
MST-454x1.0	MST-453x1.0	1.0	0.0032989623208159458	0.0032989623208159458	1.0	1.0	1.0	1.0	2	2
MST-455x1.0	MST-454x1.0	1.0	0.0032989623208159458	0.0032989623208159458	1.0	1.0	1.0	1.0	2	2
MST-456x1.0	MST-455x1.0	1.0	0.0032989623208159458	0.0032989623208159458	1.0	1.0	1.0	1.0	2	2
MST-457x1.0	MST-456x1.0	1.0	0.0032989623208159458	0.0032989623208159458	1.0	1.0	1.0	1.0	2	2
MST-458x1.0	MST-457x1.0	1.0	0.0032989623208159458	0.0032989623208159458	1.0	1.0	1.0	1.0	2	2
MST-459x1.0	MST-458x1.0	1.0	0.0032989623208159458	0.0032989623208159458	1.0	1.0	1.0	1.0	2	2
MST-460x1.0	MST-459x1.0	1.0	0.0032989623208159458	0.0032989623208159458	1.0	1.0	1.0	1.0	2	2
MST-461x1.0	MST-460x1.0	1.0	0.0032989623208159458	0.0032989623208159458	1.0	1.0	1.0	1.0	2	2
MST-462x1.0	MST-461x1.0	1.0	0.0032989623208159458	0.0032989623208159458	1.0	1.0	1.0	1.0	2	2
MST-463x1.0	MST-462x1.0	1.0	0.0032989623208159458	0.0032989623208159458	1.0	1.0	1.0	1.0	2	2
MST-464x1.0	MST-463x1.0	1.0	0.0032989623208159458	0.0032989623208159458	1.0	1.0	1.0	1.0	2	2
MST-465x1.0	MST-464x1.0	1.0	0.0032989623208159458	0.0032989623208159458	1.0	1.0	1.0	1.0	2	2
MST-466x1.0	MST-465x1.0	1.0	0.0032989623208159458	0.0032989623208159458	1.0	1.0	1.0	1.0	2	2
MST-467x1.0	MST-466x1.0	1.0	0.0032989623208159458	0.0032989623208159458	1.0	1.0	1.0	1.0	2	2
MST-468x1.0	MST-467x1.0	1.0	0.0032989623208159458	0.0032989623208159458	1.0	1.0	1.0	1.0	2	2
MST-469x1.0	MST-468x1.0	1.0	0.0032989623208159458	0.0032989623208159458	1.0	1.0	1.0	1.0	2	2
MST-470x1.0	MST-469x1.0	1.0	0.0032989623208159458	0.0032989623208159458	1.0	1.0	1.0	1.0	2	2
MST-471x1.0	MST-470x1.0	1.0	0.0032989623208159458	0.0032989623208159458	1.0	1.0	1.0	1.0	2	2
MST-472x1.0	MST-471x1.0	0.0	0.0	0.0032989623208159458	1.0	0.0	-0.9971098270152066	0.9971098270152066	1	2
