SRR3350153	ECDC_MT13_003	26
ECDC_BE13_456	NGPT13016	24
ECDC_ES001	ECDC_ES057	8
ECDC_ES001	SRR3360624	10
NGPT09059	SRR3360865	15
SRR3360865	ECDC_SI13_024	8
SRR3360865	NGPT13016	15
SRR3360865	ECDC_DK13_496	25
SRR3360865	SRR3360736	25
SRR3360865	SRR3349822	32
ECDC_DK13_496	ECDC_DK13_477	1
SRR3360736	ECDC_ES040	18
SRR3360736	NGPT13004	25
SRR3360736	ECDC_GC_097	45
ECDC_HU13_050	ECDC_SK13_057	1
ECDC_FR13_110	SRR3360624	26
ECDC_AT13_527	ECDC_SK13_057	1
ECDC_SK13_057	ECDC_HU13_079	3
ECDC_SK13_057	SRR3360624	16
ECDC_SK13_057	SRR3360672	21
ECDC_SK13_057	ECDC_T2_ES006	25
ECDC_SK13_057	SRR3343526	31
ECDC_SK13_057	ECDC_GC_097	36
ECDC_SK13_057	ECDC_HU13_047	69
ECDC_SK13_057	SRR3360857	113
ECDC_SK13_057	ECDC_SI13_071	117
ECDC_SE13_080	ECDC_GC_103	34
ECDC_SE13_080	ECDC_GC_097	39
ECDC_GC_097	ECDC_BE13_488	1
ECDC_GC_097	NGPT10049	23
ECDC_GC_097	ECDC_DK13_491	23
ECDC_GC_097	SRR3349880	33
ECDC_GC_097	NGPT17502	46
ECDC_GC_097	ECDC_DK13_464	67
ECDC_GC_097	ECDC_SE13_059	69
ECDC_GC_097	NGPT13060	87
SRR3360624	ECDC_IT2961	14
SRR3360624	NGRL_71324	16
SRR3360624	NGRL_190440	25
ECDC_IT2961	ECDC_IT2920	1
ECDC_IT2961	ECDC_GR13054	22
NGPT13040	NGPT13004	3
ECDC_GE13_105	ECDC_GR13054	6
ECDC_GR13054	ECDC_IT2922	6
ECDC_GR13054	ECDC_AT13_496	10
ECDC_GE13_078	ECDC_AT13_496	3
NGPT14170	NGPT17455	17
NGPT14170	NGPT13094	19
NGPT14170	NGPT17360	27
NGPT14170	NGPT13098	39
NGPT13094	SRR3360651	32
NGPT10049	SRR3360651	17
SRR3360651	NGPT13043	14
NGPT13043	NGPT13081	27
NGPT17455	NGPT17357	3
NGPT17455	NGPT17516	79
ECDC_SI13_059	NGPT09056	18
ECDC_AT13_512	NGPT12045	6
ECDC_AT13_532	ECDC_AT13_521	2
ECDC_AT13_532	ECDC_AT13_480	9
SRR3343526	NGPT09056	10
ECDC_AT13_525	NGPT12045	10
NGPT12045	ECDC_AT13_528	1
NGPT12045	ECDC_AT13_523	2
NGPT12045	ECDC_AT13_489	6
NGPT12045	NGPT09056	34
ECDC_AT13_489	ECDC_AT13_480	2
ECDC_AT13_510	ECDC_AT13_480	2
ECDC_AT13_480	ECDC_AT13_481	2
NGPT09056	NGPT09054	1
NGPT09056	SRR3349878	62
ECDC_ES014	SRR3360627	36
SRR3360730	SRR3361349	1
SRR3361349	SRR3360754	14
ECDC_RB13001572	SRR3360701	22
ECDC_RB13001572	SRR3357155	44
SRR3360908	SRR3360701	31
SRR3357250	SRR3361142	6
SRR3349201	SRR3361142	8
SRR3349827	SRR3361142	3
SRR3349827	SRR3360808	4
SRR3349827	SRR3360650	10
SRR3361142	ECDC_MT13_009	12
Netherlands-158	SRR3349836	5
Netherlands-158	NGRL_UHW9	31
NGPT13072	NGPT12057	3
NGPT12057	NGPT12030	4
ECDC_IT2960	ECDC_IT2962	13
ECDC_BE13_498	SRR3360633	7
SRR3360723	NGRL_176561	2
SRR3360723	ECDC_RB13001669	2
SRR3360723	SRR3360731	3
SRR3360723	SRR3350128	3
SRR3360723	110950	3
SRR3360723	NGRL_179501	8
SRR3360723	SRR3360648	9
110950	110949	2
NGPT05008	NGPT05007	36
ECDC_T2_ES010	ECDC_DK13_484	7
NGPT10026	ECDC_ES045	10
NGPT10026	W0362	31
ECDC_ES045	ECDC_DK13_484	9
ECDC_T2_ES054	ECDC_DK13_484	6
ECDC_T2_ES059	ECDC_DK13_484	1
ECDC_DK13_499	ECDC_DK13_484	2
ECDC_DK13_484	SRR3360884	3
SRR3361317	W0362	1
SRR3361317	SRR3360605	1
ECDC_ES023	SRR3349848	2
NGPT08040	NGPT11108	3
NGPT08040	NGPT07046	4
NGPT13018	NGPT11108	1
NGPT07046	W0362	3
NGPT07046	NGPT17023	45
NGPT07078	W0725	1
SRR3361314	ECDC_GC_092	1
SRR3361314	ECDC_SI13_039	4
SRR3361314	SRR3349932	11
W0725	W0362	1
W0725	SRR3360949	1
LG0205	W0362	1
LG0205	LG0989	1
SRR3360671	LG0199	2
SRR3349832	SRR3361150	1
LG1834	W0561	1
W0561	W0362	4
W0561	Netherlands-219	4
W0561	Netherlands-205	5
W0561	SRR3349932	14
LG1799	LG1137	8
NGPT07041	W0362	2
NGPT06022	W0362	2
W0362	LG0199	1
W0362	NGPT06021	1
W0362	W0255	1
W0362	LG0671	1
W0362	NGPT06010	2
W0362	LG0186	2
W0362	NGPT07020	2
W0362	W0885	2
W0362	LG1736	2
W0362	NGPT07018	2
W0362	W0420	2
W0362	NGPT07002	3
W0362	SRR3361324	3
W0362	SRR3349612	4
W0362	NGPT09065	4
W0362	NGPT08044	4
W0362	NGPT10039	4
W0362	NGPT07062	5
W0362	NGPT07072	5
W0362	NGPT12027	6
W0362	LG1721	6
W0362	SRR3360664	7
W0362	NGPT07044	8
W0362	ECDC_HU13_070	8
W0362	W0560	15
W0362	W0306	16
W0362	SRR3360607	17
W0362	SRR3349210	39
LG0199	LG1137	1
LG1137	NGPT07001	1
LG1137	SRR3349848	5
LG1137	SRR3360649	7
LG1137	SRR3360694	13
NGPT12038	SRR3349848	2
SRR3349848	SRR3361150	1
SRR3349848	SRR3357314	1
SRR3349848	SRR3360866	7
SRR3361324	NGPT09060	2
NGPT09060	NGPT12012	1
NGPT09060	NGPT12015	2
SRR3360866	SRR3361232	1
SRR3360649	SRR3360639	2
ECDC_GC_092	ECDC_GR13073	1
ECDC_GC_092	ECDC_GR13031	1
ECDC_GC_092	SRR3350175	8
SRR3360720	LG1721	7
LG1721	NGPT09058	38
SRR3360639	SRR3349884	15
SRR3349932	SRR3349853	11
NGPT07018	NGPT07013	1
NGPT08041	NGPT04013	59
SRR3350177	SRR3361083	13
ECDC_DK13_492	SRR3343523	1
ECDC_GR13074	SRR3343666	2
SRR3349671	SRR3343501	1
SRR3343501	SRR3361143	11
ECDC_RB13000536	SRR3360919	16
SRR3361215	SRR3361245	1
SRR3361215	SRR3361300	1
SRR3361215	SRR3361143	1
SRR3361215	SRR3361119	1
SRR3361245	SRR3343666	4
SRR3360843	ECDC_RB13001992	8
SRR3360922	SRR3360919	6
ECDC_NL45	ECDC_NL26	1
ECDC_NL45	SRR3343666	16
SRR3360919	SRR3343666	4
SRR3343666	ECDC_RB13001992	1
SRR3343666	SRR3360864	2
SRR3343666	SRR3349961	3
SRR3343666	ECDC_RB13001973	4
ECDC_RB13001992	SRR3343605	5
SRR3349961	ECDC_GR13062	4
SRR3349961	ECDC_GR13075	5
SRR3349961	SRR3360692	11
ECDC_SE13_069	ECDC_SE13_051	4
ECDC_SE13_051	ECDC_GE13_085	17
NGPT17377	SRR3349227	75
NGPT17494	NGPT17419	23
NGPT17419	SRR3360857	93
NGPT04002	NGPT04014	6
NGPT04014	SRR3360857	67
NGPT04014	ECDC_BE13_457	130
NGPT04014	ECDC_SI13_077	326
NGPT09016	NGPT10065	1
NGPT09016	SRR3360857	13
SRR3360857	SRR3360615	73
SRR3360857	NGPT17500	73
SRR3360857	NGPT17510	83
SRR3360857	SRR3360629	88
SRR3360857	NGPT08013	119
SRR3360857	SRR3343669	126
SRR3360857	ECDC_LV13_003	177
SRR3360615	SRR3350180	172
SRR3360615	ECDC_GC_106	376
SRR3360630	NGPT05009	240
SRR3360630	ECDC_RB13002255	426
NGPT10064	SRR3360969	29
NGPT10064	ECDC_MT13_016	37
NGPT10064	SRR3360652	234
SRR3360969	ECDC_RB13001468	296
ECDC_SI13_040	ECDC_SI13_029	1
ECDC_SI13_040	ECDC_SI13_043	1
ECDC_SI13_029	SRR3361129	87
ECDC_GC_070	NGPT04005	102
ECDC_GC_070	NGPT07015	256
ECDC_GC_070	NGPT13107	345
SRR3361126	SRR3349899	2
SRR3361126	NGPT03001	56
SRR3349540	NGPT03001	172
NGPT17381	SRR3350084	232
ECDC_GC_106	ECDC_GE13_068	140
NGPT17513	NGPT17379	146
NGPT13091	NGPT05009	261
NGPT13091	SRR3360982	380
ECDC_NL29	SRR3357254	34
ECDC_LV13_006	ECDC_LV13_035	18
ECDC_LV13_006	ECDC_RB13002019	21
ECDC_LV13_006	ECDC_LV13_038	45
ECDC_LV13_006	ECDC_GC_098	47
ECDC_LV13_006	SRR3360683	69
ECDC_LV13_006	ECDC_GC_083	84
ECDC_LV13_006	ECDC_IT2927	86
ECDC_LV13_006	SRR3360687	198
ECDC_LV13_035	ECDC_GE13_099	22
SRR3360683	SRR3360668	39
SRR3360683	ECDC_AT13_484	52
ECDC_GE13_068	SRR3357201	111
SRR3343519	SRR3357201	81
SRR3357201	ECDC_RB13001468	269
SRR3357012	SRR3361315	46
SRR3361315	SRR3361328	25
SRR3361315	SRR3360749	38
SRR3360749	SRR3361223	37
SRR3361223	NGPT13001	2
SRR3361223	ECDC_NL24	37
SRR3361223	SRR3350260	44
SRR3361223	ECDC_LV13_025	57
SRR3350260	SRR3349819	27
SRR3357014	SRR3360713	66
SRR3360751	SRR3360944	33
SRR3360913	NGPT06001	27
NGPT13066	ECDC_MT13_030	2
NGSJH16	SRR3360944	125
ECDC_SK13_091	ECDC_SK13_083	10
ECDC_SK13_106	ECDC_SK13_083	4
ECDC_SK13_083	SRR3360958	46
ECDC_SK13_083	ECDC_DK13_480	50
ECDC_SK13_083	ECDC_SI13_034	52
ECDC_SE13_083	ECDC_SK13_072	40
ECDC_ES016	ECDC_GC_075	35
SRR3360618	ECDC_BE13_452	4
SRR3360618	SRR3360684	14
SRR3360618	ECDC_GC_075	42
SRR3360618	SRR3360627	49
SRR3360618	ECDC_IT2956	67
SRR3360618	SRR3360703	75
ECDC_SE13_100	SRR3360944	102
NGPT15169	NGPT14189	55
NGPT13046	SRR3360951	10
ECDC_GE13_077	ECDC_SE13_065	4
ECDC_GE13_077	SRR3361220	63
SRR3360610	SRR3360738	2
SRR3360610	NGPT10043	2
SRR3360610	SRR3357116	3
SRR3360610	SRR3349842	3
SRR3360610	SRR3360944	27
SRR3360610	NGPT07024	74
SRR3357116	SRR3357173	1
NGPT12020	NGPT11039	1
NGPT11039	NGPT11009	2
NGPT11039	NGPT13036	3
NGPT11039	NGPT14072	3
NGPT11039	NGPT11054	5
NGPT13036	NGPT14097	2
NGPT13036	NGPT14189	9
NGPT11009	SRR3360951	5
SRR3360951	NGPT15067	13
NGPT17137	NGPT11054	37
NGPT11054	SRR3360944	33
SRR3360944	NGPT09026	24
SRR3360944	ECDC_GE13_074	29
SRR3360944	SRR3361356	34
SRR3360944	SRR3360627	55
SRR3360944	ECDC_GR13036	66
SRR3360944	NGPT09018	71
SRR3360944	ECDC_T2_ES048	72
SRR3360944	SRR3349851	222
SRR3360944	SRR3349716	277
ECDC_GE13_074	ECDC_ES031	13
ECDC_ES031	ECDC_SI13_081	3
ECDC_FR13_062	NGPT17401	43
NGPT15029	NGPT13116	54
NGPT17507	NGPT12110	67
NGPT17434	NGPT12110	54
NGPT12110	NGPT13116	2
NGPT12110	SRR3360989	11
NGPT12110	NGPT17054	51
SRR3360989	SRR3349896	11
SRR3361209	SRR3349896	3
SRR3361209	SRR3360650	36
ECDC_IT2935	ECDC_IT2934	4
SRR3357076	SRR3349896	2
SRR3349896	ECDC_IT2934	1
SRR3349896	NGPT10034	2
SRR3349896	ECDC_MT13_028	3
SRR3349896	NGPT14004	3
SRR3349896	SRR3360800	3
SRR3349896	SRR3349844	5
SRR3349896	ECDC_IT2955	18
ECDC_NL27	ECDC_NL72	1
ECDC_NL27	ECDC_IT2934	2
ECDC_T2_ES053	ECDC_MT13_028	11
ECDC_MT13_022	ECDC_MT13_028	1
ECDC_MT13_028	ECDC_ES051	2
ECDC_MT13_028	ECDC_T2_ES025	4
SRR3349948	SRR3349844	1
NGPT14004	ECDC_NL2	1
NGPT14004	SRR3349557	3
SRR3349557	ECDC_BE13_489	2
NGPT17054	NGPT03014	472
ECDC_DK13_462	ECDC_RB13000567	13
ECDC_SE13_058	ECDC_RB13000567	4
SRR3350002	ECDC_RB13000567	1
ECDC_HU13_064	ECDC_RB13000567	1
ECDC_HU13_064	ECDC_RB13000568	1
ECDC_HU13_064	ECDC_HU13_068	1
SRR3361029	ECDC_RB13000567	1
ECDC_RB13000567	ECDC_RB13001955	2
ECDC_RB13000567	ECDC_HU13_066	6
ECDC_RB13000567	SRR3360685	15
SRR3360685	SRR3349846	39
SRR3357170	2007-07_94	49
SRR3361105	SRR3343472	5
SRR3361105	ECDC_T2_ES022	26
NGPT14069	SRR3361154	8
SRR3343560	SRR3343472	19
SRR3361154	SRR3361204	1
SRR3361154	SRR3343472	7
SRR3361204	SRR3343499	3
SRR3343499	SRR3343656	4
ECDC_GE13_089	ECDC_GC_067	3
NGPT16036	ECDC_GC_067	5
ECDC_GC_067	ECDC_GE13_100	6
ECDC_GC_067	ECDC_GE13_086	7
ECDC_GC_067	ECDC_SK13_058	12
ECDC_GE13_086	ECDC_GE13_087	1
ECDC_SK13_087	ECDC_SK13_059	2
ECDC_SK13_087	ECDC_SK13_058	7
SRR3360609	ECDC_SK13_058	14
SRR3360609	SRR3357305	17
SRR3360609	NGPT05007	28
ECDC_SK13_093	ECDC_SK13_058	4
ECDC_SK13_060	ECDC_SK13_058	2
ECDC_SK13_058	ECDC_SK13_095	1
SRR3361307	2007-07_94	30
ECDC_T2_ES024	ECDC_T2_ES023	1
ECDC_T2_ES003	ECDC_T2_ES023	3
ECDC_T2_ES003	SRR3343472	20
NGPT08032	NGPT07036	2
NGPT07036	NGPT05007	27
NGPT15082	NGPT15051	1
NGPT15121	NGPT15051	2
NGPT15121	NGSJH13	362
NGPT15051	ECDC_MT13_030	64
NGPT13021	ECDC_MT13_030	2
NGPT17396	NGPT14050	4
NGPT13057	ECDC_MT13_030	3
NGPT13057	ECDC_SE13_086	4
ECDC_SE13_086	ECDC_RB13002200	10
NGPT14019	ECDC_MT13_030	2
NGPT13039	ECDC_MT13_030	2
ECDC_MT13_030	NGPT14079	1
ECDC_MT13_030	NGPT14050	1
ECDC_MT13_030	NGPT13048	2
ECDC_MT13_030	NGPT13082	2
ECDC_MT13_030	NGPT14006	3
ECDC_MT13_030	NGPT14130	3
ECDC_MT13_030	ECDC_SE13_066	3
ECDC_MT13_030	NGPT14031	4
ECDC_MT13_030	NGPT14156	6
ECDC_MT13_030	NGPT15040	8
ECDC_MT13_030	SRR3349859	70
NGPT14079	NGPT14190	4
NGPT14006	NGPT15144	13
NGPT15144	NGPT17438	7
NGPT15144	NGPT17431	14
NGPT17106	NGPT17078	5
NGPT16032	NGPT13082	2
NGPT17078	NGPT13082	2
NGPT13082	NGSJH14	2
NGPT13082	SRR3349242	3
NGPT13082	NGPT14110	5
NGPT14031	NGPT14029	1
NGPT15123	NGPT13077	4
NGPT14130	NGPT13077	2
SRR3349698	ECDC_T2_ES049	7
SRR3349859	SRR3360689	19
SRR3357257	SRR3349852	7
SRR3357271	SRR3360689	25
SRR3360689	SRR3360621	1
SRR3360689	ECDC_FR13_089	16
SRR3360689	SRR3349852	17
SRR3360689	SRR3360640	22
SRR3360689	SRR3349846	57
SRR3361277	SRR3349852	1
SRR3349852	SRR3343488	1
SRR3349852	SRR3357025	3
SRR3349852	NGPT13115	14
ECDC_FR13_112	NGPT13115	14
NGPT13115	Netherlands-354	15
SRR3360800	ECDC_NL31	2
ECDC_NL31	ECDC_NL14	3
ECDC_NL31	ECDC_RB13001959	5
ECDC_NL31	ECDC_RB13001678	9
ECDC_DK13_489	ECDC_NL14	3
SRR3343582	ECDC_RB13001678	6
ECDC_RB13001678	SRR3349308	12
SRR3349815	ECDC_AT13_520	4
SRR3349815	SRR3360650	5
ECDC_RB13000575	SRR3343654	17
SRR3349286	SRR3349146	1
SRR3349286	SRR3349849	9
SRR3343648	SRR3357020	1
NGPT12065	ECDC_GE13_104	6
NGPT13041	SRR3360650	5
SRR3349814	SRR3349849	7
ECDC_GE13_072	SRR3343493	4
SRR3349521	SRR3343481	4
Netherlands-191	Netherlands-502	2
ECDC_BE13_466	ECDC_RB13001960	3
SRR3343570	SRR3349849	2
SRR3361044	SRR3349653	2
SRR3361044	ECDC_DK13_504	6
Netherlands-502	SRR3360650	8
SRR3349728	ECDC_DK13_504	7
ECDC_IT2980	SRR3349873	7
SRR3349143	SRR3343490	22
SRR3349250	SRR3349627	1
SRR3349250	ECDC_DK13_504	4
SRR3349250	ECDC_FR13_089	11
SRR3349250	ECDC_IT2938	67
SRR3357153	SRR3360650	2
SRR3357153	ECDC_T2_ES014	2
ECDC_DK13_504	ECDC_ES012	4
ECDC_DK13_504	SRR3349910	11
ECDC_DK13_504	SRR3343490	12
ECDC_DK13_504	NGRL_179411	12
ECDC_DK13_504	ECDC_1836157	22
ECDC_DK13_504	SRR3350113	31
ECDC_GC_091	SRR3343493	6
SRR3357351	SRR3357255	1
SRR3357255	SRR3349849	6
SRR3357255	ECDC_GE13_104	6
SRR3357255	SRR3360706	6
SRR3357255	SRR3357318	7
ECDC_GE13_084	NGSJH10	5
ECDC_GE13_084	SRR3349849	15
SRR3361173	ECDC_DK13_485	25
SRR3360933	NGSJH4	12
SRR3360933	SRR3349849	15
ECDC_FR13_089	SRR3349873	4
ECDC_FR13_089	SRR3360650	5
ECDC_FR13_089	SRR3349849	5
ECDC_FR13_089	ECDC_NL43	16
ECDC_FR13_089	ECDC_IT2972	17
SRR3343493	ECDC_GE13_071	2
SRR3343493	NGRL_41277	3
SRR3343493	SRR3349849	4
SRR3349849	SRR3349958	3
SRR3349849	SRR3349823	3
SRR3349849	SRR3349236	4
SRR3349849	ECDC_GE13_081	5
SRR3349849	ECDC_IT2926	5
SRR3349849	SRR3343654	6
SRR3349849	ECDC_DK13_485	6
SRR3349849	ECDC_FR13_057	6
SRR3349849	SRR3349945	6
SRR3349849	SRR3357254	7
SRR3349849	ECDC_GC_076	8
SRR3349849	ECDC_GE13_065	10
SRR3349849	ECDC_SI13_038	14
SRR3349236	SRR3349229	1
SRR3361296	SRR3343481	1
SRR3349958	SRR3343481	1
SRR3349958	SRR3343579	5
SRR3349958	SRR3350210	21
SRR3343481	ECDC_RB13001960	1
SRR3343481	ECDC_RB13002397	1
SRR3343481	SRR3360840	2
SRR3343481	SRR3360844	2
ECDC_RB13001960	SRR3349554	13
ECDC_DK13_485	Netherlands-29	5
SRR3357261	SRR3349873	10
SRR3361075	SRR3360650	2
SRR3361075	SRR3349909	10
SRR3349825	SRR3360650	3
SRR3360650	ECDC_GC_060	1
SRR3360650	SRR3361071	1
SRR3360650	NGPT10045	2
SRR3360650	SRR3343537	2
SRR3360650	SRR3357020	3
SRR3360650	ECDC_T2_ES018	3
SRR3360650	ECDC_SK13_074	6
SRR3360650	ECDC_RB13001961	7
SRR3360650	SRR3360962	8
SRR3360650	ECDC_BE13_491	10
ECDC_GR13058	SRR3349873	10
ECDC_RB13002311	ECDC_T2_ES049	2
ECDC_RB13000570	ECDC_T2_ES049	1
ECDC_T2_ES049	SRR3349674	2
ECDC_T2_ES049	SRR3357318	3
ECDC_T2_ES049	ECDC_NL22	4
ECDC_T2_ES049	SRR3350165	5
ECDC_T2_ES049	ECDC_BE13_460	5
ECDC_T2_ES049	ECDC_MT13_015	7
ECDC_NL22	ECDC_FR13_105	5
SRR3357318	SRR3349594	22
SRR3361137	SRR3361071	1
ECDC_BE13_492	SRR3349873	4
SRR3349873	NGPT10012	13
SRR3349873	SRR3350003	21
SRR3349873	ECDC_HU13_077	45
SRR3343654	SRR3343616	1
ECDC_GE13_104	SRR3343498	4
ECDC_GE13_104	SRR3343516	5
ECDC_BE13_479	ECDC_IT2926	3
ECDC_IT2926	ECDC_ES011	2
ECDC_BE13_491	ECDC_DK13_506	1
SRR3349910	ECDC_SI13_020	47
SRR3357254	SRR3357182	1
SRR3357254	SRR3361012	10
SRR3360873	SRR3360995	1
SRR3360873	SRR3349909	14
SRR3357020	ECDC_RB13001545	2
SRR3349614	SRR3349211	1
SRR3343490	SRR3349659	1
SRR3343490	SRR3349211	2
SRR3343490	ECDC_RB13001963	2
SRR3349211	SRR3349526	1
ECDC_IT2972	ECDC_IT2933	1
NGPT13017	ECDC_NL43	3
SRR3357019	ECDC_NL43	9
ECDC_NL43	SRR3349974	5
ECDC_ES002	SRR3349945	6
SRR3349945	ECDC_RB13002208	19
Netherlands-28	Netherlands-29	2
ECDC_SI13_060	SRR3349909	26
SRR3357114	SRR3357156	1
SRR3357182	SRR3357156	1
SRR3357182	SRR3350008	1
SRR3361297	SRR3350008	1
ECDC_SE13_071	SRR3343498	7
NGRL_180505	SRR3350113	1
ECDC_SI13_038	ECDC_NL16	5
ECDC_RB13000537	SRR3360770	3
SRR3343488	SRR3360770	1
SRR3360695	NGPT10012	13
ECDC_T2_ES041	NGPT10012	4
NGPT10012	SRR3349960	7
NGPT10012	ECDC_RB13001951	11
NGPT10012	NGPT14105	29
SRR3343476	SRR3349960	2
SRR3349960	SRR3349841	2
SRR3349960	SRR3360879	4
SRR3349960	NGPT13086	10
SRR3349960	ECDC_GC_079	20
NGRL_166587	NGRL_179411	1
NGPT17168	NGRL_179411	6
NGRL_179411	NGPT16005	6
NGRL_179411	NGPT17375	23
NGPT05006	NGPT05009	104
ECDC_1830458	ECDC_AT13_501	61
ECDC_1830458	SRR3360646	88
ECDC_1830458	SRR3357158	92
SRR3343607	SRR3349921	23
SRR3361026	SRR3349895	1
SRR3361026	SRR3349906	1
SRR3349549	ECDC_GC_076	2
ECDC_SE13_089	ECDC_GC_076	1
ECDC_GC_076	ECDC_RB13002254	1
ECDC_GC_076	SRR3349694	1
ECDC_GC_076	SRR3349906	8
ECDC_GC_076	SRR3349921	14
SRR3349694	SRR3350095	1
SRR3361208	SRR3349921	1
SRR3361108	SRR3349921	1
SRR3360868	SRR3349921	1
SRR3349921	SRR3361205	1
SRR3349921	ECDC_RB13002310	5
ECDC_SI13_020	SRR3360904	356
ECDC_DK13_494	ECDC_SK13_075	2
ECDC_DK13_494	NGPT10066	7
ECDC_DK13_494	NGRL_81513	7
NGPT13050	NGPT12034	8
NGPT12034	NGPT11066	2
110948	110946	6
110946	ECDC_T2_ES048	95
SRR3360619	SRR3349833	1
SRR3357267	SRR3357021	3
SRR3357267	SRR3349833	6
SRR3349833	SRR3349142	2
SRR3349833	SRR3361321	8
ECDC_SI13_049	ECDC_RB13002399	7
ECDC_RB13002399	SRR3350220	2
ECDC_RB13002399	NGPT11003	6
ECDC_RB13002399	SRR3349272	18
ECDC_IT2914	NGPT11003	9
ECDC_MT13_017	ECDC_AT13_511	36
ECDC_IT2937	ECDC_HU13_098	19
ECDC_T2_ES048	NGPT17479	146
SRR3349654	SRR3349688	9
SRR3349688	SRR3349145	2
SRR3349688	SRR3343647	3
SRR3349688	SRR3350158	5
SRR3349145	SRR3349663	1
SRR3349266	SRR3343647	1
SRR3343647	SRR3349531	1
SRR3343647	SRR3361056	11
SRR3361056	SRR3357018	7
SRR3357018	ECDC_HU13_098	36
SRR3357018	SRR3349588	47
SRR3357034	SRR3360909	117
SRR3361220	ECDC_ES007	2
SRR3361220	ECDC_MT13_003	65
ECDC_AT13_483	ECDC_AT13_498	9
ECDC_AT13_483	ECDC_AT13_529	26
NGPT13098	NGPT16176	5
NGPT13098	NGPT17515	12
SRR3360740	SRR3360939	76
SRR3360740	NGPT06001	382
NGPT04004	SRR3360970	8
NGPT04004	NGPT05023	22
NGPT03013	SRR3360970	3
NGPT03013	SRR3361346	12
NGPT03013	SRR3360774	27
NGPT03013	NGPT08028	42
NGPT03013	SRR3360644	110
NGPT03013	ECDC_RB13001585	203
NGPT03013	ECDC_SE13_055	247
NGPT03013	ECDC_GC_088	253
SRR3360970	SRR3360893	8
SRR3360970	NGPT12049	262
SRR3360984	SRR3360893	7
SRR3360846	SRR3360893	1
SRR3360772	SRR3360893	2
SRR3360893	SRR3360957	2
SRR3360893	SRR3360637	16
SRR3360637	ECDC_SI13_077	11
SRR3360637	ECDC_GE13_082	25
SRR3360637	ECDC_RB13001691	36
SRR3360667	SRR3361346	2
NGSJH2	SRR3361346	1
SRR3349137	SRR3349907	5
SRR3349907	ECDC_SI13_077	8
ECDC_SI13_077	ECDC_SI13_035	1
NGPT05023	NGPT06025	8
NGPT05023	NGPT06005	11
ECDC_RB13001967	NGRL_177574	45
ECDC_RB13001967	NGPT17401	51
ECDC_RB13001967	NGPT03010	284
NGRL_168628	NGRL_177574	4
NGRL_177574	NGPT17467	13
NGRL_177574	NGPT17372	16
NGPT17372	NGPT17365	1
ECDC_IT2908	ECDC_IT2929	1
ECDC_IT2908	SRR3361338	321
ECDC_IT2908	SRR3350087	382
ECDC_RB13000573	SRR3361115	3
SRR3343672	SRR3361115	4
SRR3361115	SRR3357164	5
SRR3361115	ECDC_GR13069	310
SRR3357036	SRR3357164	1
SRR3357272	SRR3361322	111
SRR3350101	SRR3350084	2
SRR3350132	SRR3350224	34
SRR3350132	SRR3350084	37
SRR3350132	ECDC_ES018	55
SRR3350206	SRR3350084	1
SRR3350084	ECDC_BE13_471	270
SRR3357284	SRR3350224	1
110951	NGPT09058	110
NGPT09058	NGPT10005	1
NGPT10005	NGPT12058	1
NGPT10005	NGPT13112	4
NGPT09079	NGPT07016	7
NGPT07016	W0420	7
NGPT07016	NGPT08023	25
SRR3357229	SRR3349591	7
SRR3357229	ECDC_T2_ES013	80
ECDC_MT13_008	NGPT17051	33
ECDC_MT13_008	SRR3349575	51
NGPT16242	ECDC_RB13001954	15
NGRL_UHW8	ECDC_T2_ES032	1
ECDC_T2_ES032	ECDC_DK13_460	18
NGPT17489	NGPT17398	42
SRR3357016	ECDC_DK13_460	4
NGPT14030	ECDC_DK13_460	1
ECDC_DK13_460	ECDC_BE13_471	1
ECDC_DK13_460	ECDC_FR13_101	1
ECDC_DK13_460	ECDC_FR13_056	3
ECDC_DK13_460	NGPT16096	6
ECDC_DK13_460	NGRL_422322	14
ECDC_DK13_460	NGPT17398	39
ECDC_DK13_460	NGPT17413	42
ECDC_IT2936	ECDC_BE13_471	1
ECDC_BE13_471	ECDC_NL35	1
ECDC_BE13_471	SRR3343543	1
ECDC_BE13_471	ECDC_NL9	1
ECDC_BE13_471	SRR3349523	2
ECDC_BE13_471	SRR3360809	3
ECDC_BE13_471	ECDC_IT2940	9
ECDC_BE13_471	ECDC_GC_081	59
ECDC_BE13_471	ECDC_SE13_055	67
ECDC_BE13_471	SRR3349524	78
ECDC_BE13_471	NGRL_82432	111
ECDC_BE13_446	ECDC_NL35	3
ECDC_BE13_446	ECDC_BE13_470	27
ECDC_IT2940	ECDC_IT2953	2
ECDC_IT2953	ECDC_IT2969	7
NGPT03017	SRR3360883	35
NGPT03017	ECDC_T2_ES058	274
NGPT17457	ECDC_GC_081	118
G7944	101259	19
G7944	ECDC_GC_094	64
ECDC_GC_094	ECDC_RB13001958	100
ECDC_GC_099	ECDC_ES041	18
ECDC_GC_099	ECDC_GC_078	23
ECDC_GC_099	ECDC_RB13001985	30
ECDC_GC_099	ECDC_RB13001976	39
ECDC_ES041	NGPT13111	5
ECDC_GC_078	ECDC_AT13_494	9
ECDC_GC_073	ECDC_GC_082	1
ECDC_GC_073	SRR3343503	141
SRR3361254	SRR3360979	80
SRR3361254	ECDC_NL78	86
SRR3361254	NGPT05009	108
ECDC_NL78	SRR3360942	108
NGPT13031	ECDC_SI13_028	1
NGPT13031	ECDC_NL25	24
NGPT13031	NGPT05009	257
NGPT13107	NGPT17358	40
NGPT13105	ECDC_RB13001976	95
SRR3357132	ECDC_T2_ES005	25
SRR3357132	ECDC_FR13_106	28
SRR3357132	SRR3360862	123
SRR3357132	ECDC_T2_ES057	138
ECDC_AT13_505	ECDC_AT13_503	1
SRR3349171	ECDC_RB13001976	6
SRR3349171	SRR3360862	138
ECDC_BE13_465	ECDC_NL18	2
NGPT16271	NGPT17477	5
ECDC_BE13_499	ECDC_RB13001976	1
SRR3357131	ECDC_NL18	5
ECDC_FR13_113	ECDC_FR13_103	4
ECDC_FR13_113	SRR3360990	6
ECDC_FR13_113	NGPT16175	11
ECDC_SI13_055	ECDC_RB13001976	2
SRR3343503	ECDC_RB13001976	2
ECDC_GE13_080	ECDC_RB13001976	3
ECDC_RB13001976	SRR3343495	1
ECDC_RB13001976	SRR3360990	1
ECDC_RB13001976	SRR3360963	1
ECDC_RB13001976	ECDC_RB13001991	1
ECDC_RB13001976	ECDC_FR13_092	1
ECDC_RB13001976	ECDC_HU13_076	1
ECDC_RB13001976	ECDC_GC_061	2
ECDC_RB13001976	ECDC_GC_068	2
ECDC_RB13001976	NGPT13003	2
ECDC_RB13001976	ECDC_AT13_503	2
ECDC_RB13001976	ECDC_RB13001958	2
ECDC_RB13001976	ECDC_NL18	3
ECDC_RB13001976	ECDC_ES038	3
ECDC_RB13001976	ECDC_RB13001998	5
ECDC_RB13001976	ECDC_HU13_097	8
ECDC_RB13001976	ECDC_SI13_052	26
ECDC_RB13001976	NGPT17380	33
ECDC_GC_068	SRR3349518	1
NGPT13003	ECDC_GE13_096	2
NGPT13003	ECDC_NL8	6
ECDC_NL18	ECDC_NL36	1
ECDC_RB13001991	SRR3350134	7
SRR3349564	ECDC_ES038	2
ECDC_ES038	SRR3357165	5
ECDC_FR13_092	NGPT17477	3
ECDC_FR13_092	NGPT16295	32
NGPT17477	NGPT16119	4
NGPT17477	NGPT17400	8
ECDC_AT13_491	ECDC_AT13_503	1
ECDC_AT13_503	ECDC_AT13_519	3
SRR3357178	SRR3350134	1
SRR3350134	SRR3349543	1
SRR3349543	SRR3349717	1
SRR3349543	SRR3349581	2
SRR3349543	SRR3350109	3
SRR3357013	ECDC_RB13001998	1
NGPT17393	NGPT17459	5
NGPT17393	NGPT17516	13
NGPT17516	NGPT17453	3
NGPT05005	NGPT06009	31
NGPT06009	SRR3360827	171
ECDC_SI13_046	SRR3343524	2
SRR3360926	Netherlands-3	13
SRR3360926	NGPT06006	15
NGPT06011	NGPT06006	1
NGPT07030	NGPT06006	1
NGPT06006	NGPT08009	1
SRR3360810	Netherlands-3	12
SRR3360721	Netherlands-3	14
ECDC_SI13_048	ECDC_SI13_025	1
ECDC_NL5	ECDC_NL1	1
ECDC_NL5	ECDC_NL39	4
ECDC_SI13_047	SRR3349997	3
SRR3357313	ECDC_RB13001679	3
ECDC_RB13001679	ECDC_NL71	1
Netherlands-3	ECDC_NL47	4
Netherlands-3	ECDC_SE13_060	5
Netherlands-3	SRR3360981	6
Netherlands-3	SRR3349997	7
Netherlands-3	NGPT07021	13
Netherlands-3	SRR3360653	16
Netherlands-3	NGPT11089	17
Netherlands-3	SRR3361322	214
Netherlands-3	SRR3361129	249
SRR3349199	ECDC_NL39	5
ECDC_T2_ES028	ECDC_T2_ES009	3
ECDC_T2_ES028	SRR3343673	3
ECDC_T2_ES028	SRR3349997	4
ECDC_T2_ES028	ECDC_NL71	5
ECDC_T2_ES028	NGPT07025	5
NGPT11021	SRR3349997	2
NGPT11021	ECDC_SI13_027	3
SRR3343615	SRR3343494	1
ECDC_SI13_027	ECDC_SI13_025	1
ECDC_SI13_027	ECDC_ES034	1
ECDC_SI13_027	SRR3343524	2
ECDC_SI13_027	ECDC_SI13_036	2
ECDC_SI13_027	ECDC_ES047	4
SRR3343524	SRR3343494	1
NGPT14183	ECDC_T2_ES009	1
SRR3357137	ECDC_T2_ES009	1
SRR3357137	SRR3349550	1
ECDC_T2_ES009	ECDC_ES035	1
ECDC_1820983	SRR3349997	3
SRR3350126	ECDC_NL71	1
ECDC_NL71	101266	1
ECDC_NL71	ECDC_RB13001972	2
ECDC_NL71	SRR3350085	2
ECDC_NL71	SRR3357133	2
ECDC_NL71	NGPT17367	3
ECDC_NL71	ECDC_NL39	3
NGPT07025	NGPT07059	1
NGPT07025	NGPT08060	1
NGPT07025	NGPT08035	3
NGPT07025	NGPT09078	4
ECDC_BE13_453	ECDC_NL39	4
ECDC_T2_ES046	SRR3349997	4
ECDC_FR13_074	SRR3343673	4
ECDC_SE13_052	ECDC_SE13_060	1
ECDC_SE13_056	ECDC_SE13_060	1
ECDC_NL47	ECDC_T2_ES050	1
ECDC_NL47	ECDC_LV13_001	2
ECDC_NL47	ECDC_SI13_045	2
ECDC_NL47	ECDC_ES046	3
ECDC_NL47	ECDC_GR13057	3
ECDC_NL47	NGPT17458	8
SRR3360852	NGPT11011	2
NGPT09078	NGPT11011	3
NGPT09078	NGPT14025	4
NGPT11011	NGPT11107	2
NGPT11011	NGPT13102	4
NGPT14025	NGPT10011	3
SRR3360981	SRR3343479	299
ECDC_NL39	SRR3343676	1
SRR3349997	SRR3360888	1
ECDC_NL23	SRR3360888	1
SRR3360888	ECDC_IT2975	1
ECDC_GR13057	ECDC_GR13064	1
NGPT10040	NGPT11089	2
NGPT10040	SRR3349579	20
SRR3349514	SRR3349579	1
ECDC_LV13_034	ECDC_LV13_001	2
ECDC_LV13_001	ECDC_LV13_016	1
ECDC_LV13_001	ECDC_LV13_005	1
ECDC_LV13_001	ECDC_LV13_008	1
ECDC_LV13_001	ECDC_LV13_039	2
ECDC_LV13_001	SRR3349881	3
ECDC_LV13_001	ECDC_AT13_517	280
ECDC_LV13_001	NGPT17312	358
ECDC_LV13_016	ECDC_LV13_031	2
ECDC_GR13069	ECDC_GC_087	82
ECDC_GR13069	NGPT03010	278
ECDC_FR13_072	ECDC_RB13001954	22
ECDC_GC_069	ECDC_GE13_076	2
ECDC_GC_069	ECDC_GR13037	3
ECDC_GC_069	ECDC_RB13001954	4
ECDC_BE13_493	SRR3361113	11
ECDC_GC_066	SRR3361113	9
ECDC_ES050	NGSJH12	11
NGPT12063	NGPT12095	1
NGPT12095	ECDC_HU13_087	6
NGPT12095	SRR3360940	14
NGPT12095	NGPT17021	68
ECDC_SE13_092	ECDC_IT2959	2
ECDC_SE13_092	SRR3349811	9
SRR3357010	ECDC_NL79	13
ECDC_RB13001969	ECDC_NL79	5
NGRL_193058	SRR3357273	12
SRR3361247	ECDC_GC_109	3
ECDC_ES032	ECDC_ES054	33
SRR3349310	SRR3343523	2
SRR3360869	SRR3360830	1
SRR3360869	SRR3361074	4
SRR3361074	ECDC_NL79	6
SRR3361074	SRR3349619	17
Netherlands-52	ECDC_NL79	3
ECDC_SK13_105	SRR3357273	22
ECDC_T2_ES038	ECDC_RB13001954	4
NGPT17508	NGPT17403	1
NGPT17403	ECDC_FR13_060	6
NGPT17403	NGPT17449	8
ECDC_RB13001954	ECDC_FR13_060	4
ECDC_RB13001954	ECDC_NL79	6
SRR3361023	SRR3361099	2
SRR3361113	SRR3361116	1
SRR3361113	NGPT16259	3
SRR3361113	SRR3357273	8
SRR3361113	SRR3343572	8
SRR3361113	NGPT15178	14
SRR3361113	NGPT13079	18
NGPT12021	SRR3357273	3
NGRL_425657	ECDC_ES054	4
NGRL_425657	NGPT17441	5
SRR3349559	ECDC_ES054	1
ECDC_ES054	ECDC_NL79	2
SRR3350154	SRR3350145	2
SRR3350154	ECDC_IT2921	6
ECDC_NL21	SRR3357273	3
ECDC_NL75	SRR3357273	3
NGPT16200	SRR3357273	11
ECDC_RB13001471	SRR3357273	2
NGPT17463	SRR3357273	3
SRR3361083	SRR3357273	2
ECDC_FR13_111	SRR3357273	1
SRR3357273	ECDC_SE13_057	1
SRR3357273	ECDC_NL7	1
SRR3357273	SRR3361233	1
SRR3357273	ECDC_NL79	1
SRR3357273	ECDC_HU13_087	1
SRR3357273	ECDC_GC_109	2
SRR3357273	ECDC_GC_077	2
SRR3357273	ECDC_NL13	2
SRR3357273	SRR3361099	3
SRR3357273	SRR3349886	3
SRR3357273	SRR3349196	3
SRR3357273	NGPT12103	4
SRR3357273	NGPT14146	4
SRR3357273	ECDC_NL54	5
SRR3357273	ECDC_1807138	5
SRR3357273	SRR3350189	5
SRR3357273	ECDC_NL74	6
SRR3357273	SRR3361114	8
SRR3361099	ECDC_BE13_483	7
SRR3349886	SRR3349871	1
ECDC_GC_109	SRR3349209	7
NGPT13078	ECDC_NL79	3
SRR3360977	SRR3349871	3
SRR3349970	ECDC_NL79	5
ECDC_NL79	ECDC_T2_ES016	1
ECDC_NL79	SRR3349860	1
ECDC_NL79	SRR3360614	1
ECDC_NL79	ECDC_IT2941	2
ECDC_NL79	ECDC_ES028	2
ECDC_NL79	SRR3349855	2
ECDC_NL79	ECDC_IT2923	2
ECDC_NL79	ECDC_BE13_447	2
ECDC_NL79	ECDC_BE13_482	3
ECDC_NL79	SRR3349950	4
ECDC_NL79	SRR3349534	8
ECDC_NL79	ECDC_AT13_517	12
ECDC_NL79	NGPT15042	17
ECDC_T2_ES016	ECDC_T2_ES008	1
SRR3349534	SRR3349537	3
SRR3360842	SRR3349196	3
ECDC_IT2921	SRR3349196	2
ECDC_IT2921	ECDC_NL85	2
SRR3349196	ECDC_RB13000572	1
SRR3349196	ECDC_IT2954	2
SRR3349196	NGPT13096	2
SRR3349196	ECDC_IT2925	2
SRR3349196	ECDC_GC_071	2
SRR3349196	ECDC_IT2939	2
SRR3349196	ECDC_FR13_059	3
SRR3349196	ECDC_IT2957	5
ECDC_FR13_059	SRR3349599	1
ECDC_FR13_059	SRR3350194	2
ECDC_FR13_059	ECDC_FR13_076	3
SRR3350194	SRR3357147	1
NGPT12103	NGPT13015	1
SRR3357196	SRR3357147	1
NGSJH17	ECDC_HU13_087	2
ECDC_RB13001979	ECDC_NL32	2
SRR3349168	ECDC_NL32	2
SRR3349168	SRR3349693	2
ECDC_NL32	SRR3349811	3
ECDC_NL32	ECDC_NL81	3
ECDC_HU13_087	SRR3349811	1
ECDC_HU13_087	ECDC_HU13_094	1
ECDC_HU13_087	ECDC_RB13001962	5
SRR3349811	SRR3361109	1
SRR3349811	SRR3343523	1
SRR3343523	ECDC_AT13_486	1
ECDC_AT13_486	ECDC_DK13_465	1
ECDC_IT2939	ECDC_IT2945	1
SRR3349619	SRR3349522	4
ECDC_RB13001997	SRR3349522	7
ECDC_RB13001473	SRR3349522	13
NGRL_197747	SRR3349522	24
ECDC_1807138	ECDC_DK13_467	2
ECDC_1807138	ECDC_NL15	14
ECDC_FR13_065	NGPT13079	8
NGPT13079	NGSJH12	10
NGSJH12	NGRL_67818	1
ECDC_NL74	ECDC_NL4	8
SRR3360614	SRR3360680	1
NGPT17449	NGPT17462	8
ECDC_BE13_483	NGPT13006	3
ECDC_BE13_483	NGPT12101	4
SRR3349183	SRR3349209	3
SRR3349319	SRR3349209	1
SRR3349209	SRR3360932	4
NGPT13100	NGPT11040	102
NGPT17405	NGPT17466	3
NGPT17405	NGPT17359	3
NGPT17405	NGPT17379	5
NGPT17405	NGPT16163	9
NGPT17405	NGPT17480	10
SRR3350088	SRR3349569	5
SRR3350159	SRR3350251	11
SRR3350159	SRR3349569	15
SRR3350217	SRR3350135	1
SRR3349343	ECDC_NL70	9
SRR3349343	NGPT05009	81
ECDC_GC_101	ECDC_GC_084	36
ECDC_GC_101	Netherlands-400	321
NGPT13070	ECDC_GC_084	28
ECDC_NL70	ECDC_ES037	1
ECDC_NL70	NGPT17020	14
SRR3350208	NGPT05009	40
NGPT05026	NGPT08039	53
NGPT05026	Netherlands-136	70
Netherlands-397	SRR3360692	8
Netherlands-397	Netherlands-136	33
Netherlands-397	NGPT16219	76
SRR3357145	SRR3357180	1
SRR3357180	SRR3349192	6
ECDC_BE13_496	SRR3343474	4
ECDC_BE13_496	Netherlands-136	27
SRR3350170	SRR3349192	1
SRR3349339	SRR3349192	1
SRR3350104	SRR3349192	1
SRR3350102	SRR3349192	2
SRR3349192	SRR3349567	1
SRR3349192	SRR3350116	1
SRR3349192	SRR3357344	1
SRR3349192	SRR3350092	1
SRR3349192	SRR3349726	1
SRR3349192	SRR3349262	2
SRR3349192	SRR3350264	2
SRR3349192	SRR3343474	3
SRR3349192	SRR3350227	19
SRR3343474	SRR3349276	1
SRR3343474	SRR3350182	1
SRR3350116	SRR3350226	1
SRR3350116	SRR3357197	24
SRR3349189	SRR3349276	1
SRR3349276	ECDC_RB13001995	1
SRR3349276	SRR3349558	2
SRR3349276	SRR3350125	9
ECDC_RB13002398	ECDC_RB13001995	2
ECDC_RB13001995	ECDC_RB13001964	2
NGSJH13	NGPT05009	76
NGPT05009	NGPT06007	14
NGPT05009	NGPT08007	36
NGPT05009	Netherlands-136	42
NGPT05009	ECDC_BE13_463	65
NGPT05009	ECDC_AT13_516	83
NGPT05009	ECDC_RB13001950	199
NGPT05009	NGPT08046	240
NGPT05009	SRR3361352	279
ECDC_ES009	Netherlands-136	24
SRR3360832	Netherlands-136	34
Netherlands-136	ECDC_RB13000571	66
Netherlands-136	SRR3349916	125
NGPT08007	NGPT10069	345
NGPT12049	NGPT13089	5
NGPT12049	NGPT03001	297
NGPT09084	NGPT13034	7
NGPT09084	SRR3360648	8
NGPT13084	NGPT13034	1
SRR3360613	NGPT06001	18
NGPT06001	NGPT03009	9
NGPT06001	NGPT04017	77
ECDC_LV13_022	SRR3357155	20
SRR3343639	SRR3357155	2
SRR3349864	SRR3357155	1
SRR3357155	SRR3361131	2
SRR3357155	SRR3360647	414
SRR3360939	Netherlands-116	49
SRR3360939	SRR3357167	61
SRR3360939	SRR3361096	67
ECDC_NL57	Netherlands-116	38
ECDC_NL57	S078	432
ECDC_NL44	Netherlands-116	6
SRR3361031	SRR3361096	1
SRR3361096	ECDC_SE13_061	413
LG1132	NGPT10039	4
NGPT07034	NGPT08014	2
NGPT09008	NGPT08014	3
NGPT07042	NGPT08014	2
NGPT07042	NGPT05025	12
NGPT06026	NGPT08014	2
NGPT05025	NGPT05020	3
NGPT05020	NGPT06023	2
NGPT05020	NGPT05014	2
NGPT05020	NGPT06014	5
NGPT05020	NGPT09069	7
NGPT05020	SRR3360774	68
NGPT08014	NGPT08062	1
NGPT13056	NGPT13085	7
SRR3361012	ECDC_GC_080	13
SRR3350173	ECDC_GC_080	6
SRR3357138	ECDC_GC_080	1
SRR3360703	ECDC_BE13_449	318
ECDC_DK13_476	ECDC_DK13_502	1
ECDC_DK13_502	ECDC_DK13_508	3
ECDC_DK13_502	ECDC_DK13_478	9
SRR3360915	NGPT05007	43
SRR3343472	SRR3361149	1
SRR3343472	SRR3349846	35
SRR3357113	NGPT05007	21
SRR3361101	SRR3360863	4
NGPT13024	NGPT16011	6
NGPT13024	NGPT15112	6
NGPT13024	NGPT15247	8
NGPT13024	NGPT11066	9
NGPT13024	NGPT17390	13
ECDC_GR13027	ECDC_HU13_098	36
ECDC_ES056	NGPT09085	8
NGPT13087	NGPT09085	7
NGPT12070	NGPT15033	5
NGPT12070	NGPT13022	22
NGPT15026	NGPT13022	19
NGRL_178526	ECDC_SE13_063	2
NGPT16272	NGPT16226	1
NGPT16272	NGPT16180	2
NGPT16272	NGPT13022	5
NGPT15058	NGPT13022	6
ECDC_T2_ES037	NGPT11048	5
NGPT11048	NGPT11066	3
NGPT11048	NGPT17386	11
NGPT11048	ECDC_GC_100	13
NGPT11048	ECDC_HU13_098	15
ECDC_SE13_063	NGPT11066	2
NGPT11073	NGPT11066	1
NGPT11066	NGPT13022	1
NGPT11066	NGPT13007	1
NGPT11066	NGPT14023	9
NGPT11066	SRR3357135	10
NGPT13022	NGPT13065	1
NGPT13022	NGPT16121	2
NGPT13022	NGPT15119	4
NGPT13022	NGPT13063	9
NGPT16004	NGPT16118	1
NGPT16004	NGPT15119	1
NGPT16004	NGPT16124	2
NGPT13007	NGPT13047	1
NGRL_76972	ECDC_HU13_098	8
ECDC_ES024	ECDC_IT2962	13
NGPT08054	NGPT07069	4
NGPT08054	ECDC_ES055	5
NGPT08054	ECDC_ES044	7
SRR3349891	SRR3357203	6
ECDC_LV13_014	ECDC_LV13_013	4
ECDC_LV13_014	ECDC_GR13033	5
ECDC_LV13_013	ECDC_LV13_030	2
ECDC_SE13_085	ECDC_SE13_073	1
ECDC_SE13_073	ECDC_GR13033	16
ECDC_LV13_019	ECDC_GR13033	6
ECDC_GR13033	ECDC_GR13028	1
ECDC_GR13033	ECDC_GR13032	1
ECDC_GR13033	NGPT07024	10
NGPT11065	ECDC_ES043	6
ECDC_CY13_002	ECDC_CY13_003	3
ECDC_CY13_002	ECDC_CY13_007	6
ECDC_CY13_002	SRR3360648	8
NGRL_UHW9	NGPT07024	5
NGRL_UHW9	ECDC_ES043	6
NGRL_UHW9	SRR3357277	6
NGRL_UHW9	NGPT09085	7
NGRL_UHW9	NGPT11003	15
NGPT11024	NGPT11022	1
NGPT11024	NGPT11012	3
NGPT11024	NGPT14076	6
SRR3361329	NGPT07024	7
NGPT11015	NGPT09085	3
NGPT09085	ECDC_CY13_004	5
ECDC_ES043	ECDC_ES025	2
ECDC_ES043	ECDC_ES019	5
ECDC_ES043	ECDC_GC_096	8
ECDC_GE13_057	NGPT07024	5
NGPT11012	NGPT09083	2
NGPT11012	NGPT07024	6
ECDC_RB13002142	NGPT11003	1
NGPT11003	SRR3360709	1
NGPT11003	NGPT12094	2
NGPT11003	SRR3349865	3
NGPT11003	SRR3349926	5
SRR3360709	SRR3349911	3
NGPT12094	NGPT12071	1
NGPT12094	NGPT13055	2
NGPT12094	NGPT15242	2
ECDC_ES015	ECDC_ES019	3
NGPT10057	SRR3360648	4
ECDC_IT2962	SRR3361321	9
ECDC_IT2962	NGRL_UHW35	12
SRR3361311	SRR3360712	1
SRR3361311	SRR3360648	3
SRR3361311	SRR3357186	4
SRR3357186	SRR3357194	1
SRR3357186	SRR3361312	2
SRR3357186	SRR3357263	3
SRR3357186	NGRL_422102	12
NGRL_422102	NGRL_191262	19
ECDC_FR13_109	SRR3360718	1
SRR3360718	SRR3360648	2
SRR3360718	NGPT16010	49
ECDC_T2_ES011	SRR3361321	9
ECDC_T2_ES031	ECDC_T2_ES019	2
ECDC_T2_ES031	SRR3361321	6
NGPT11070	SRR3361321	6
ECDC_T2_ES019	ECDC_T2_ES020	2
NGPT11100	ECDC_HU13_098	6
NGRL_501373	ECDC_AT13_500	7
SRR3357203	SRR3357312	3
SRR3357203	ECDC_T2_ES021	3
SRR3357203	ECDC_AT13_500	7
SRR3357203	ECDC_SK13_084	39
SRR3357203	SRR3343477	59
ECDC_AT13_493	ECDC_AT13_500	1
SRR3357176	SRR3349927	1
SRR3361218	SRR3349927	1
SRR3357269	SRR3349927	1
SRR3349927	SRR3361347	2
SRR3349927	SRR3349933	3
SRR3361347	NGPT12051	1
SRR3361347	SRR3361321	3
ECDC_HU13_057	ECDC_HU13_091	1
ECDC_HU13_057	ECDC_HU13_098	1
ECDC_HU13_057	ECDC_HU13_089	1
ECDC_HU13_057	ECDC_AT13_506	75
SRR3360733	SRR3360617	1
SRR3360733	NGPT07024	10
SRR3360935	SRR3361321	21
SRR3350269	ECDC_HU13_098	6
ECDC_HU13_092	SRR3361321	8
ECDC_DK13_482	SRR3360648	3
SRR3360702	SRR3360648	3
NGPT07024	SRR3361321	1
NGPT07024	SRR3349261	3
NGPT07024	SRR3360693	4
NGPT07024	ECDC_SI13_026	7
NGPT07024	ECDC_SK13_080	7
NGPT07024	ECDC_SI13_068	11
NGPT07024	ECDC_HU13_073	13
NGPT07024	ECDC_SK13_112	13
NGPT07024	NGPT10014	16
NGPT07024	SRR3360633	20
NGPT07024	ECDC_ES048	25
NGPT07024	ECDC_AT13_504	27
NGPT07024	ECDC_HU13_071	201
SRR3361321	SRR3360628	3
SRR3361321	ECDC_HU13_098	4
SRR3361321	SRR3360674	4
SRR3361321	NGPT07069	4
SRR3361321	NGPT12100	6
SRR3361321	ECDC_GE13_067	10
SRR3361321	SRR3343617	11
SRR3361321	NGPT12030	13
SRR3343492	ECDC_HU13_098	3
SRR3360648	SRR3360714	1
SRR3360648	ECDC_HU13_098	2
SRR3360648	SRR3361267	3
SRR3360648	SRR3349996	3
SRR3360648	SRR3357038	3
SRR3360648	SRR3343513	5
SRR3360648	ECDC_FR13_084	5
SRR3360648	ECDC_AT13_511	6
SRR3360648	ECDC_RB13002130	7
SRR3360648	SRR3349969	9
SRR3360648	SRR3357026	10
SRR3360648	ECDC_GC_112	11
SRR3360648	ECDC_GE13_085	14
SRR3357115	NGPT12100	5
NGRL_UHW16	SRR3349261	3
NGPT12100	SRR3349835	5
ECDC_HU13_098	ECDC_HU13_067	1
ECDC_HU13_098	ECDC_HU13_049	2
ECDC_HU13_098	SRR3360616	2
ECDC_HU13_098	SRR3349826	3
ECDC_HU13_098	SRR3349545	5
ECDC_HU13_098	ECDC_IT2968	5
ECDC_HU13_098	ECDC_GC_111	6
ECDC_HU13_098	SRR3357098	7
ECDC_HU13_098	SRR3343649	14
SRR3357015	SRR3349261	3
ECDC_HU13_058	ECDC_AT13_511	1
ECDC_AT13_511	ECDC_AT13_531	4
ECDC_IT2968	SRR3360998	1
ECDC_T2_ES002	SRR3361267	1
SRR3361267	ECDC_GC_062	1
SRR3361267	ECDC_GC_058	11
SRR3349908	SRR3349996	2
SRR3349996	SRR3349914	1
SRR3349996	SRR3360870	3
SRR3349996	SRR3361112	13
ECDC_HU13_073	ECDC_FR13_102	15
ECDC_FR13_073	ECDC_FR13_102	1
SRR3350148	ECDC_GC_111	3
ECDC_MT13_020	ECDC_GC_111	2
ECDC_GC_111	ECDC_NL17	2
ECDC_GC_111	SRR3357270	2
ECDC_GC_111	SRR3361141	2
SRR3357281	SRR3360616	5
NGSJH1	SRR3360616	4
SRR3360616	SRR3360711	1
SRR3360616	SRR3360612	3
SRR3360616	SRR3349824	10
SRR3349824	SRR3360891	6
ECDC_SI13_026	ECDC_SK13_062	1
SRR3357026	SRR3349966	1
ECDC_SI13_068	ECDC_SI13_063	1
ECDC_DK13_479	ECDC_DK13_466	2
ECDC_DK13_479	ECDC_GE13_085	10
ECDC_NL62	ECDC_GE13_085	3
ECDC_GC_059	ECDC_GE13_085	3
ECDC_SE13_053	ECDC_GC_112	8
ECDC_GE13_062	ECDC_GC_112	1
ECDC_GC_112	ECDC_IT2916	3
ECDC_GE13_085	ECDC_GR13026	231
SRR3361222	SRR3361138	1
SRR3361138	SRR3360870	14
ECDC_DK13_478	NGPT08026	28
SRR3349966	SRR3349328	2
NGPT10071	NGPT10066	1
NGPT10066	NGPT08026	1
NGPT10066	NGPT12088	3
NGPT10066	SRR3357110	14
SRR3357263	ECDC_CY13_010	3
ECDC_ES052	ECDC_T2_ES021	13
NGPT12087	NGPT09063	4
ECDC_HU13_063	ECDC_HU13_090	1
ECDC_HU13_063	NGPT08026	4
ECDC_SK13_068	ECDC_HU13_055	8
SRR3357017	SRR3360633	5
SRR3357017	ECDC_HU13_055	5
ECDC_GE13_073	ECDC_HU13_060	5
ECDC_HU13_060	SRR3360633	3
ECDC_SK13_065	ECDC_SK13_067	3
ECDC_SK13_065	ECDC_SK13_103	3
ECDC_SK13_065	NGPT08026	5
NGPT09063	SRR3360633	4
NGPT12044	NGPT10073	1
ECDC_GE13_066	ECDC_GE13_058	2
ECDC_GE13_066	NGPT08026	5
ECDC_SK13_078	ECDC_SK13_067	1
NGPT08026	NGPT10073	1
NGPT08026	NGPT09066	1
NGPT08026	NGPT11023	1
NGPT08026	NGPT10020	2
NGPT08026	NGPT10035	2
NGPT08026	SRR3360633	3
NGPT08026	NGPT12026	4
NGPT08026	ECDC_BE13_468	9
NGPT08026	NGPT13085	10
NGPT08026	ECDC_SI13_074	59
NGPT13085	NGPT15122	3
SRR3360633	SRR3361325	1
SRR3360633	ECDC_ES017	4
SRR3360633	ECDC_T2_ES021	4
SRR3360633	SRR3343661	5
SRR3360633	ECDC_GE13_064	6
SRR3360633	ECDC_SI13_064	7
SRR3360633	SRR3361337	7
SRR3360633	ECDC_GE13_075	18
ECDC_GE13_058	ECDC_BE13_459	2
ECDC_GE13_058	ECDC_SK13_100	3
NGPT12037	NGPT10020	7
NGPT10019	NGPT09066	2
ECDC_SI13_064	ECDC_HU13_044	5
ECDC_HU13_055	ECDC_AT13_514	7
NGPT11023	NGPT13083	1
NGPT11023	ECDC_MT13_019	2
NGPT11023	NGPT13012	19
ECDC_IT2967	ECDC_AT13_514	4
ECDC_HU13_084	ECDC_AT13_514	3
ECDC_HU13_069	ECDC_HU13_083	1
ECDC_AT13_514	ECDC_ES059	1
ECDC_AT13_514	ECDC_HU13_083	2
ECDC_AT13_514	ECDC_IT2970	3
SRR3360806	SRR3343538	1
SRR3360806	SRR3343617	1
ECDC_AT13_529	ECDC_AT13_497	1
ECDC_AT13_529	ECDC_SI13_071	35
SRR3349822	SRR3360894	3
ECDC_SI13_071	ECDC_SI13_065	1
ECDC_SI13_071	ECDC_SI13_076	1
ECDC_SI13_071	ECDC_SI13_062	1
ECDC_SI13_071	ECDC_AT13_530	22
SRR3360894	SRR3343555	1
ECDC_AT13_484	ECDC_AT13_533	2
SRR3361170	SRR3361162	1
SRR3361219	SRR3361162	1
SRR3361162	SRR3350188	25
ECDC_SI13_039	ECDC_SK13_110	3
ECDC_SK13_110	SRR3350279	3
ECDC_BE13_449	ECDC_HU13_070	33
SRR3343593	ECDC_GC_081	30
ECDC_GE13_088	ECDC_GC_081	1
ECDC_GC_081	ECDC_IT2924	21
ECDC_HU13_071	ECDC_HU13_072	1
NGPT16219	SRR3357184	82
SRR3349283	ECDC_RB13000571	16
NGPT13089	SRR3360872	443
ECDC_GR13026	ECDC_GR13034	2
ECDC_GR13026	ECDC_GR13039	3
ECDC_GR13026	ECDC_GR13052	3
ECDC_GR13066	ECDC_GR13039	1
ECDC_GR13039	NGSJH19	84
SRR3349885	SRR3357134	4
SRR3360717	2007-07_94	59
NGPT17358	ECDC_T2_ES058	293
NGPT17058	ECDC_AT13_501	4
SRR3349604	ECDC_NL49	11
SRR3349604	NGPT17439	11
ECDC_T2_ES026	ECDC_AT13_501	2
ECDC_T2_ES026	ECDC_NL49	3
ECDC_AT13_501	SRR3357241	4
ECDC_NL49	SRR3349598	1
ECDC_NL49	NGPT17361	10
ECDC_NL49	NGPT17409	18
NGPT17361	NGPT17474	2
NGPT17474	NGPT17488	16
NGPT17487	NGPT17479	80
NGPT17376	NGPT17401	14
NGPT17401	NGPT17493	15
NGPT17506	NGPT17303	8
NGPT17506	ECDC_GE13_056	381
NGPT17417	NGPT17492	1
NGPT17417	NGPT17450	10
NGPT17417	SRR3357215	16
SRR3357215	SRR3349524	21
ECDC_DK13_509	SRR3349197	93
SRR3361129	ECDC_SE13_067	73
SRR3350130	NGRL_UHW39	89
SRR3350130	ECDC_GC_104	93
SRR3349622	ECDC_SI13_052	10
SRR3360971	ECDC_SI13_052	3
SRR3360971	SRR3350248	6
SRR3349672	ECDC_SI13_052	1
SRR3361151	ECDC_SI13_052	1
ECDC_SI13_052	ECDC_RB13000574	1
ECDC_SI13_052	SRR3349697	1
ECDC_SI13_052	SRR3349548	1
ECDC_SI13_052	SRR3349515	1
ECDC_SI13_052	SRR3357149	2
ECDC_SI13_052	ECDC_RB13002150	5
SRR3349643	SRR3349697	1
ECDC_BE13_476	SRR3360982	297
SRR3360741	SRR3360699	1
SRR3360655	SRR3360699	1
SRR3360660	SRR3360699	1
SRR3360699	SRR3360312	1
SRR3360699	ECDC_RB13001965	52
SRR3360699	ECDC_T2_ES013	85
SRR3360699	NGPT17407	139
SRR3360699	ECDC_FR13_067	188
SRR3360699	2014-06_16	244
SRR3360312	SRR3360289	1
W0306	W0550	1
W0251	LG0353	1
SRR3361024	ECDC_FR13_071	3
LG1375	W0420	1
W0065	W0420	1
W0420	LG0931	1
W0420	W0563	1
W0420	LG0394	1
W0420	LG0353	1
W0420	NGPT05002	2
W0420	SRR3349972	4
W0563	LG1636	1
W0563	SRR3360930	1
SRR3360930	NGPT07065	3
NGPT05015	NGPT06013	1
NGPT05002	NGPT06013	1
NGPT05002	SRR3360813	7
NGPT06013	NGPT07019	9
ECDC_IT2944	ECDC_GR13029	1
ECDC_GR13029	ECDC_GR13040	1
ECDC_GR13029	SRR3349972	1
SRR3349972	SRR3357190	2
SRR3349972	ECDC_HU13_093	2
SRR3349972	ECDC_SE13_064	2
SRR3349972	ECDC_FR13_071	3
SRR3349972	SRR3360820	4
SRR3349972	ECDC_AT13_526	4
SRR3349972	SRR3349200	4
SRR3349972	ECDC_HU13_082	5
SRR3357190	ECDC_AT13_490	2
SRR3357190	ECDC_AT13_499	2
SRR3357190	SRR3361070	3
SRR3357190	SRR3343596	9
ECDC_HU13_093	ECDC_AT13_502	3
SRR3361070	SRR3349818	2
ECDC_SE13_064	ECDC_T2_ES036	6
ECDC_AT13_526	ECDC_GC_110	2
W0560	W0592	1
W0560	W0370	3
W0560	SRR3343479	254
ECDC_NL63	NGRL_68931	1
ECDC_NL63	SRR3343649	9
SRR3343649	ECDC_GR13072	10
SRR3343485	SRR3349857	2
SRR3349857	SRR3349988	2
SRR3349857	ECDC_T2_ES029	23
SRR3349857	ECDC_ES020	27
SRR3349857	SRR3349148	63
ECDC_FR13_091	SRR3350188	15
SRR3350188	ECDC_BE13_487	5
SRR3350188	SRR3360677	60
SRR3349148	SRR3349147	1
SRR3349148	SRR3349204	1
SRR3349148	ECDC_GC_095	15
SRR3349148	SRR3357112	25
SRR3349148	NGPT03004	28
SRR3349148	SRR3361180	70
SRR3349148	NGPT05012	75
SRR3349148	SRR3360677	81
SRR3349147	SRR3349305	1
SRR3360877	ECDC_RB13001546	2
SRR3360877	SRR3343475	2
SRR3357198	ECDC_RB13001546	2
ECDC_RB13001546	SRR3357112	4
SRR3357112	SRR3360823	6
SRR3357112	ECDC_RB13002081	16
SRR3343625	SRR3360823	1
SRR3360823	SRR3360918	1
SRR3360823	SRR3361230	1
SRR3360823	SRR3360729	372
SRR3361350	SRR3361244	2
SRR3361350	SRR3360705	2
SRR3361350	SRR3360668	4
SRR3343540	SRR3360766	2
SRR3343540	SRR3360811	14
SRR3360811	SRR3360827	4
SRR3360811	SRR3360663	5
SRR3360811	SRR3360947	9
SRR3357279	SRR3360663	1
SRR3360947	NGPT04007	179
SRR3360606	NGPT08013	9
NGPT13023	NGPT09039	12
NGPT08036	NGPT09039	2
SRR3360625	SRR3360691	1
SRR3360625	NGPT05018	8
SRR3360691	SRR3360678	1
SRR3360691	SRR3349991	133
NGPT09039	NGPT08042	1
NGPT09039	NGPT09031	1
NGPT08042	NGPT05018	9
NGPT09031	NGPT09044	1
NGPT08015	NGPT08013	1
NGPT05018	NGPT08013	4
NGPT08013	SRR3349227	29
NGPT08013	SRR3360976	37
NGPT08013	ECDC_FR13_099	38
NGPT08013	ECDC_SE13_082	38
NGPT08013	SRR3343480	131
ECDC_RB13001970	ECDC_FR13_069	128
NGPT14152	NGPT09035	58
NGPT14152	SRR3360956	65
NGRL_420132	SRR3349197	240
NGPT17481	NGPT17375	8
NGPT17334	NGPT17430	2
NGPT17334	SRR3361168	171
NGPT17334	SRR3360727	385
NGPT04003	NGPT04017	60
NGPT03002	NGPT03007	5
NGPT03007	NGPT04017	27
NGPT04017	SRR3360921	27
NGPT04017	NGPT09015	49
NGPT04017	ECDC_GC_086	159
NGPT09015	NGPT04001	54
ECDC_GC_086	2014-06_16	194
SRR3349962	SRR3360724	85
ECDC_RB13001983	ECDC_SE13_062	64
SRR3360917	SRR3343479	324
SRR3343559	SRR3343590	1
SRR3343559	NGPT03014	108
SRR3343551	ECDC_FR13_075	4
SRR3343551	ECDC_FR13_070	5
SRR3343551	ECDC_FR13_100	6
SRR3343551	SRR3349563	9
SRR3343551	ECDC_DK13_505	9
SRR3343551	NGPT17303	10
SRR3343551	ECDC_FR13_081	10
NGPT17303	NGPT17490	2
NGPT17303	NGPT17456	16
ECDC_FR13_081	NGPT16163	9
NGPT16163	NGPT17382	13
NGPT16163	NGPT17437	16
NGPT17382	NGPT17391	1
NGPT17382	NGPT17228	2
NGPT17382	NGPT08046	140
ECDC_FR13_097	ECDC_FR13_070	23
ECDC_RB13001465	SRR3349220	8
SRR3349220	ECDC_FR13_070	4
ECDC_FR13_088	ECDC_FR13_070	5
ECDC_FR13_070	ECDC_FR13_090	4
NGPT17414	NGPT03014	101
Netherlands-400	2014-06_16	188
Netherlands-400	ECDC_T2_ES058	198
Netherlands-400	NGPT06016	201
Netherlands-400	ECDC_AT13_488	206
Netherlands-400	SRR3349919	252
Netherlands-400	NGPT17394	285
Netherlands-400	SRR3360713	317
SRR3361331	ECDC_BE13_454	106
ECDC_GC_084	SRR3349525	332
SRR3360754	SRR3360747	15
SRR3360747	SRR3349846	19
SRR3360747	ECDC_RB13002308	50
SRR3350087	NGPT17493	40
ECDC_T2_ES047	ECDC_T2_ES057	1
SRR3361168	ECDC_T2_ES057	2
NGPT15148	ECDC_RB13001468	321
ECDC_SE13_070	SRR3360644	76
ECDC_SE13_059	ECDC_SE13_068	7
NGPT08024	NGPT04005	71
NGPT13074	NGPT12001	39
ECDC_BE13_461	ECDC_BE13_473	1
ECDC_FR13_094	ECDC_ES033	1
ECDC_FR13_094	ECDC_NL3	34
ECDC_ES033	ECDC_BE13_473	2
ECDC_ES033	ECDC_BE13_495	3
ECDC_ES033	SRR3349909	6
SRR3360863	SRR3349258	1
SRR3360863	SRR3361211	1
SRR3360863	SRR3343606	3
SRR3343606	ECDC_RB13001996	1
ECDC_RB13001996	SRR3360974	2
ECDC_DK13_463	SRR3349909	9
ECDC_DK13_463	SRR3350168	17
ECDC_NL3	NGPT17408	3
SRR3361098	SRR3349909	7
ECDC_RB13001987	SRR3361281	1
SRR3361211	SRR3349909	4
SRR3361281	SRR3349909	1
SRR3361281	SRR3343591	1
SRR3361285	SRR3349909	7
SRR3349858	SRR3349909	1
SRR3349909	SRR3349888	1
SRR3349909	SRR3357077	1
SRR3349909	ECDC_SE13_072	2
SRR3349909	ECDC_LV13_026	2
SRR3349909	SRR3361181	2
SRR3349909	SRR3350000	3
SRR3349909	SRR3349923	4
SRR3349909	SRR3349834	4
SRR3349909	SRR3349828	5
SRR3349909	ECDC_MT13_001	6
SRR3349909	ECDC_SK13_064	6
SRR3349909	ECDC_IT2931	17
SRR3349923	SRR3350143	4
SRR3361132	SRR3349888	1
SRR3361132	SRR3361214	1
SRR3349888	SRR3350006	1
SRR3349888	SRR3361110	1
SRR3349888	SRR3361121	5
ECDC_BE13_495	SRR3361118	6
ECDC_MT13_001	ECDC_MT13_013	1
ECDC_MT13_001	ECDC_MT13_021	1
ECDC_SK13_061	ECDC_SK13_064	3
ECDC_SK13_104	ECDC_SK13_064	1
SRR3350143	SRR3349273	3
ECDC_IT2943	ECDC_IT2931	1
SRR3349942	SRR3361337	5
SRR3349226	SRR3360906	24
SRR3350142	SRR3360906	15
ECDC_GR13071	ECDC_GR13047	1
ECDC_GR13038	SRR3360909	2
SRR3360909	SRR3360906	1
SRR3360909	ECDC_GR13047	2
SRR3360909	ECDC_GR13059	3
SRR3360909	SRR3360646	95
SRR3360906	SRR3349633	3
SRR3360906	SRR3350118	4
SRR3360906	SRR3349721	8
SRR3349721	SRR3357177	4
SRR3349813	SRR3349178	34
ECDC_SI13_074	SRR3360950	414
SRR3350186	SRR3350112	2
SRR3350112	SRR3349711	55
SRR3349862	SRR3349894	1
SRR3349862	SRR3350090	75
SRR3349920	SRR3349894	2
SRR3349894	SRR3349913	1
SRR3349894	SRR3349940	2
SRR3349894	SRR3349812	6
SRR3349894	NGPT09075	7
SRR3349894	ECDC_HU13_088	10
SRR3360636	NGPT09075	3
ECDC_HU13_088	SRR3361258	2
NGRL_425204	ECDC_SE13_096	10
SRR3343534	SRR3350146	4
SRR3350090	SRR3350146	2
ECDC_SE13_096	SRR3350146	3
SRR3350146	ECDC_FR13_095	20
SRR3350146	NGPT13088	357
ECDC_HU13_070	ECDC_GC_102	8
ECDC_HU13_070	ECDC_FR13_107	11
ECDC_GC_102	ECDC_GC_105	1
ECDC_MT13_002	ECDC_AT13_516	356
SRR3349525	SRR3349670	1
SRR3349525	SRR3349711	17
NGPT15227	SRR3350168	13
SRR3350168	SRR3350249	1
SRR3350168	SRR3350147	8
SRR3350168	SRR3350172	9
ECDC_DK13_510	NGPT08046	112
ECDC_GC_083	ECDC_SI13_069	1
ECDC_AT13_506	ECDC_GE13_094	438
ECDC_AT13_487	ECDC_GE13_094	56
ECDC_CY13_005	ECDC_GE13_094	36
SRR3349178	ECDC_T2_ES013	68
ECDC_RB13002064	SRR3361316	107
ECDC_RB13002064	ECDC_BE13_463	320
SRR3360904	SRR3349819	10
ECDC_ES029	SRR3360635	13
ECDC_1820984	SRR3350164	1
ECDC_1820984	ECDC_RB13001585	211
SRR3360644	ECDC_DK13_472	125
SRR3360851	SRR3360681	4
SRR3360681	SRR3360627	24
SRR3360682	NGPT05007	5
SRR3360889	SRR3361356	3
SRR3361356	ECDC_SK13_072	33
SRR3349851	SRR3349846	30
SRR3360692	SRR3349967	46
NGPT06016	SRR3360646	38
2017-02_90	2017-01_85	2
2017-01_85	2016-03_54	11
2007-06_97	2007-07_94	2
2004-04_2	2007-07_94	3
2006-07_7	2007-07_94	1
2007-07_94	2004-06_3	1
2007-07_94	NGSJH7	2
2007-07_94	2005-02_5	3
2007-07_94	2007-03_12	3
2007-07_94	2006-11_9	15
2007-07_94	2012-07_98	18
2007-07_94	SRR3360708	18
2007-07_94	Netherlands-416	30
2007-07_94	NGPT03010	36
2007-07_94	SRR3360688	44
2007-07_94	SRR3361355	55
2007-07_94	SRR3349846	55
2007-07_94	ECDC_GC_090	255
2007-08_13	2006-11_9	4
2005-02_5	2007-12_1	12
NGRL_199856	NGSJH11	8
2006-08_8	2007-03_11	1
2016-01_44	NGRL_191587	1
2009-06_15	NGSJH7	3
2017-02_91	NGSJH11	9
NGRL_191587	NGSJH11	1
NGRL_191587	NGRL_178487	1
NGRL_191587	2015-02_42	1
NGSJH11	2016-08_79	2
NGSJH11	NGSJH7	3
NGSJH11	2013-08_100	3
NGSJH11	2015-10_31	3
NGSJH11	2014-06_16	5
NGSJH11	2016-03_54	9
NGSJH11	2016-04_57	12
NGSJH11	NGRL_196712	21
NGSJH7	NGRL_UHW6	6
2007-03_12	2007-03_11	3
2007-08_14	2007-03_11	1
2015-10_31	2015-12_39	2
2016-04_56	2015-02_42	3
2016-03_55	2015-02_42	2
2015-07_101	2015-02_42	1
2015-02_42	2015-12_43	1
2015-02_42	NGPT15194	2
2016-07_71	2016-07_72	1
2016-07_71	2016-10_80	1
2016-07_71	2016-03_49	3
101260	2014-06_64	1
101260	2016-03_51	1
101260	2016-02_46	1
101260	2015-10_34	1
101260	2015-07_27	1
101260	2015-11_36	2
101260	2016-04_57	5
2016-10_83	2016-03_49	1
2016-10_83	2016-10_82	1
2015-12_38	2016-02_46	1
2016-03_49	2016-04_58	1
2016-03_49	2016-02_46	2
2016-03_49	2016-07_76	3
2016-02_46	2016-03_53	1
2016-02_46	2016-06_60	2
2016-02_46	2016-10_81	2
2016-02_46	2015-09_32	2
2016-10_81	2016-11_84	2
2016-04_57	2016-02_73	2
2016-04_57	2017-02_88	3
2016-04_57	NGRL_193852	3
2016-04_57	2016-08_77	6
2017-02_86	2017-02_88	1
2015-12_39	2015-11_37	1
2016-02_47	2016-02_48	9
2016-02_47	SRR3360708	10
SRR3343505	SRR3343479	2
SRR3343479	NGPT03001	50
ECDC_T2_ES015	ECDC_ES048	3
ECDC_ES048	ECDC_ES010	2
ECDC_ES048	NGPT17183	12
NGPT16299	NGPT17183	6
SRR3349872	SRR3343514	80
SRR3349872	ECDC_GC_098	400
SRR3343532	SRR3343514	12
SRR3343532	SRR3360725	29
SRR3343532	SRR3361326	31
SRR3343532	SRR3343580	31
SRR3343532	SRR3343597	33
SRR3343532	SRR3360826	35
SRR3343532	ECDC_DK13_461	36
SRR3343532	SRR3360662	37
SRR3343532	ECDC_NL38	40
SRR3343532	ECDC_RB13002323	48
SRR3343532	SRR3361000	53
SRR3343532	ECDC_BE13_467	81
SRR3343532	NGPT13059	116
SRR3343532	ECDC_SE13_062	144
SRR3343532	SRR3360876	349
SRR3343597	SRR3343518	3
SRR3360910	SRR3343514	13
SRR3343514	SRR3349893	17
ECDC_RB13002151	SRR3349893	10
SRR3349893	SRR3349892	9
NGPT13108	NGPT13044	3
NGPT13044	ECDC_FR13_080	19
NGPT13044	NGPT13071	22
NGPT13044	NGPT15204	24
ECDC_ES053	NGPT13071	25
ECDC_DK13_461	NGPT13071	22
ECDC_BE13_469	NGPT13071	15
NGPT15204	NGPT15161	10
ECDC_AT13_488	SRR3360862	3
ECDC_NL10	SRR3360862	2
NGPT14009	ECDC_IT2938	14
ECDC_IT2938	SRR3349553	35
NGPT17412	NGPT17420	148
ECDC_ES020	ECDC_ES026	4
ECDC_AT13_485	SRR3360979	38
ECDC_AT13_516	ECDC_AT13_509	2
ECDC_AT13_524	ECDC_NL24	12
ECDC_BE13_448	ECDC_BE13_467	56
ECDC_GR13056	ECDC_FR13_066	393
ECDC_GR13070	SRR3360679	6
ECDC_FR13_106	ECDC_DK13_473	16
ECDC_FR13_106	ECDC_FR13_108	34
ECDC_SE13_062	ECDC_RB13001950	359
SRR3349846	ECDC_SE13_093	6
SRR3349846	SRR3360953	33
ECDC_GE13_056	NGPT03015	225
ECDC_LV13_033	ECDC_LV13_023	17
NGPT17406	ECDC_RB13001466	15
ECDC_RB13001695	ECDC_RB13001466	15
ECDC_RB13001695	SRR3343653	17
ECDC_RB13001978	ECDC_RB13001571	1
SRR3360352	ECDC_RB13002201	10
SRR3360352	SRR3349990	16
ECDC_CY13_006	ECDC_RB13001585	219
ECDC_T2_ES007	NGPT12083	1
NGSJH4	NGPT12083	1
ECDC_T2_ES052	ECDC_FR13_099	24
ECDC_FR13_068	SRR3360950	384
ECDC_FR13_085	NGPT03015	86
ECDC_FR13_083	NGPT04007	14
NGPT04007	SRR3361316	51
NGPT04007	NGPT13008	117
NGPT05010	NGPT04011	13
NGPT08055	NGPT04011	12
NGPT04011	NGPT04010	1
NGPT04011	NGPT03003	228
NGPT04011	ECDC_T2_ES058	230
NGPT09029	NGPT08020	40
NGPT09029	ECDC_BE13_463	341
NGPT03001	NGPT04013	43
NGPT03015	NGPT13064	32
NGPT04016	NGPT03006	6
NGPT03006	NGPT03003	9
Netherlands-69	SRR3360638	2
Netherlands-69	SRR3360701	4
NGPT03010	NGPT06028	33
NGPT05007	SRR3360701	3
NGPT05007	Netherlands-95	11
NGPT05007	Netherlands-416	33
NGPT05007	SRR3361340	59
NGPT07066	NGPT07072	5
NGPT13059	NGPT13030	1
NGPT13059	NGPT17420	356
NGPT17469	SRR3349553	45
ECDC_RB13001468	SRR3343562	293
SRR3357247	SRR3350157	1
SRR3357247	ECDC_RB13001571	2
ECDC_DK13_469	SRR3343473	13
ECDC_DK13_469	ECDC_DK13_490	13
NGPT04012	SRR3343473	2
SRR3360771	SRR3343473	3
SRR3360950	SRR3343473	2
SRR3360993	SRR3343473	4
SRR3360829	SRR3343473	3
NGPT03011	SRR3360964	4
SRR3343679	ECDC_RB13001571	1
ECDC_SE13_095	ECDC_RB13001571	1
SRR3349169	SRR3343473	1
SRR3349580	SRR3360961	1
SRR3349311	SRR3343473	2
ECDC_RB13001571	SRR3360961	1
ECDC_RB13001571	SRR3343473	1
ECDC_RB13001571	SRR3349241	1
ECDC_RB13001571	SRR3350198	1
ECDC_RB13001571	SRR3350100	2
ECDC_RB13001571	SRR3343525	2
ECDC_RB13001571	ECDC_GR13065	2
ECDC_RB13001571	SRR3349547	2
SRR3343473	ECDC_ES049	1
SRR3343473	SRR3350139	1
SRR3343473	SRR3349255	2
SRR3343473	NGPT03008	3
SRR3343473	ECDC_ES013	4
SRR3343473	NGPT13019	4
SRR3343473	SRR3360964	4
SRR3343473	ECDC_ES027	5
SRR3343473	SRR3343554	6
SRR3350156	SRR3350100	1
SRR3350100	SRR3357259	1
SRR3360643	SRR3360964	5
NGPT06018	NGPT06019	1
NGPT06019	NGPT04009	1
NGPT04009	NGPT07077	2
NGPT04009	NGPT08008	3
NGPT04009	NGPT06004	3
NGPT04009	SRR3360964	4
SRR3360964	SRR3361022	10
SRR3360964	SRR3360946	13
SRR3361146	SRR3349840	3
SRR3349840	ECDC_ES030	9
SRR3349840	SRR3360946	12
NGPT13025	NGPT17362	24
NGPT17496	NGPT17362	6
NGPT17362	NGPT17476	40
NGPT17362	NGPT17420	337
SRR3349829	SRR3349845	1
SRR3349845	SRR3361338	78
SRR3343563	ECDC_RB13001574	1
SRR3349138	ECDC_RB13001574	1
SRR3349173	ECDC_RB13001574	1
ECDC_RB13001574	SRR3349302	1
ECDC_RB13001574	SRR3349202	1
ECDC_RB13001574	SRR3349237	11
SRR3360973	SRR3360986	17
ECDC_DK13_475	ECDC_DK13_501	1
ECDC_DK13_501	ECDC_DK13_507	1
ECDC_DK13_501	ECDC_DK13_493	1
ECDC_DK13_501	ECDC_DK13_454	1
ECDC_DK13_501	ECDC_DK13_500	1
ECDC_DK13_501	SRR3361345	452
SRR3343539	ECDC_FR13_082	342
SRR3360890	SRR3361309	350
NGPT12001	NGPT13008	17
NGPT16197	NGPT13008	43
SRR3360724	SRR3360314	14
SRR3360724	SRR3361316	52
SRR3360314	SRR3360319	1
SRR3360314	SRR3360337	1
SRR3360836	SRR3360876	1
NGPT16221	NGPT17468	4
NGPT16221	NGPT17374	8
NGPT16221	NGPT13069	10
NGPT13026	NGPT13069	13
NGPT13026	NGPT17230	32
NGPT13069	NGPT11040	45
NGPT13035	NGPT11040	33
NGPT13027	SRR3360318	2
SRR3360318	SRR3360297	1
SRR3360318	NGPT13088	4
NGPT13088	ECDC_FR13_082	14
NGPT13088	ECDC_SI13_034	58
NGPT13088	SRR3361345	295
ECDC_FR13_082	NGPT13106	12
ECDC_FR13_082	ECDC_SI13_031	47
ECDC_FR13_082	SRR3360729	51
ECDC_FR13_082	SRR3349963	55
ECDC_FR13_082	SRR3343574	55
ECDC_FR13_082	SRR3361309	63
ECDC_DK13_486	ECDC_DK13_464	1
ECDC_FR13_078	ECDC_FR13_066	5
ECDC_FR13_078	ECDC_GC_090	24
ECDC_SK13_085	ECDC_GC_090	2
ECDC_GC_090	ECDC_ES022	1
ECDC_GC_090	ECDC_BE13_458	3
ECDC_GC_090	ECDC_GE13_098	5
SRR3343586	SRR3360774	43
SRR3360979	ECDC_GC_104	78
SRR3360979	ECDC_GC_074	172
SRR3349565	SRR3349227	9
SRR3357047	SRR3350253	2
SRR3357047	SRR3349227	8
SRR3349227	SRR3349517	1
SRR3349953	SRR3349817	1
SRR3349953	SRR3350122	9
SRR3349953	SRR3360737	14
SRR3349817	SRR3343520	4
ECDC_RB13001469	SRR3360737	36
ECDC_RB13001474	SRR3360737	19
SRR3357146	SRR3349990	11
SRR3360320	SRR3360301	1
SRR3360320	SRR3360306	1
SRR3360320	SRR3360310	4
ECDC_RB13002066	SRR3360347	22
SRR3360328	SRR3360347	26
SRR3360347	ECDC_T2_ES001	10
SRR3360347	SRR3343643	25
ECDC_T2_ES001	SRR3360737	26
SRR3360849	SRR3350097	8
SRR3360849	SRR3361308	8
SRR3360849	SRR3360911	9
SRR3350097	SRR3350195	1
ECDC_NL6	ECDC_FR13_079	13
ECDC_FR13_079	SRR3360737	14
ECDC_FR13_079	ECDC_NL65	15
ECDC_FR13_079	NGPT17371	23
SRR3349964	SRR3361139	1
SRR3349964	SRR3361308	8
ECDC_RB13002324	SRR3361308	15
ECDC_RB13002116	ECDC_RB13002115	2
ECDC_RB13002116	SRR3349838	2
ECDC_RB13002116	SRR3360737	13
SRR3360356	SRR3360304	1
SRR3360304	SRR3360737	8
SRR3360737	SRR3349990	4
SRR3360737	SRR3360608	6
SRR3360737	SRR3361308	12
SRR3360737	SRR3360626	13
SRR3360737	SRR3361309	66
SRR3360676	SRR3360292	1
SRR3360292	SRR3360626	4
SRR3360290	SRR3360310	1
SRR3360305	SRR3360323	5
SRR3360336	SRR3360323	3
SRR3360323	SRR3360310	3
SRR3360310	SRR3360345	1
SRR3360310	SRR3360300	1
SRR3360310	SRR3360338	1
SRR3360310	SRR3360295	1
SRR3360310	SRR3360294	2
SRR3360310	SRR3360626	3
SRR3360310	SRR3360346	3
SRR3360310	SRR3349544	4
SRR3360310	SRR3360293	4
SRR3360310	SRR3360315	8
SRR3360310	SRR3360309	8
SRR3360626	SRR3360351	3
SRR3360626	SRR3360299	5
SRR3360626	SRR3360288	6
SRR3360626	ECDC_RB13001516	16
SRR3360299	SRR3360327	2
SRR3360330	SRR3360351	2
SRR3360348	SRR3360298	2
SRR3360344	SRR3360351	2
SRR3360812	SRR3360351	6
SRR3360298	SRR3360351	1
SRR3360298	SRR3360313	1
SRR3360298	SRR3360326	1
SRR3360298	SRR3360307	1
SRR3360298	SRR3360332	2
SRR3360298	SRR3360329	4
SRR3360298	SRR3360331	5
SRR3360351	SRR3360357	1
SRR3360351	SRR3360631	2
SRR3360351	SRR3360343	2
SRR3360351	ECDC_RB13002309	5
SRR3360288	SRR3360620	4
SRR3360317	SRR3360332	1
SRR3360332	SRR3360321	2
SRR3360340	SRR3361308	12
SRR3360896	SRR3360303	9
SRR3360303	SRR3361308	10
SRR3360911	SRR3360972	6
SRR3360911	SRR3350187	8
SRR3350136	SRR3350187	3
SRR3350187	SRR3349652	5
SRR3360349	SRR3361308	17
SRR3360886	SRR3349652	1
SRR3360295	SRR3360287	1
ECDC_T2_ES044	SRR3349990	12
SRR3361318	SRR3349990	8
SRR3361318	SRR3360903	8
SRR3349990	SRR3349939	1
SRR3349990	SRR3357136	1
SRR3349939	SRR3349925	2
ECDC_NL65	ECDC_NL60	20
ECDC_NL60	NGPT17423	19
SRR3349615	ECDC_GC_108	8
SRR3349615	ECDC_T2_ES004	9
SRR3349615	ECDC_T2_ES033	18
SRR3349615	Netherlands-227	31
SRR3349615	SRR3360774	57
ECDC_GC_108	ECDC_FR13_098	5
ECDC_T2_ES033	ECDC_T2_ES035	1
ECDC_AT13_482	SRR3361309	71
ECDC_T2_ES027	ECDC_SI13_034	57
SRR3343574	SRR3360854	17
ECDC_SI13_034	ECDC_SI13_073	1
ECDC_SI13_034	SRR3360837	2
ECDC_SI13_034	ECDC_SK13_090	2
ECDC_SI13_034	ECDC_SK13_070	2
ECDC_SI13_034	ECDC_SK13_081	4
ECDC_SI13_034	ECDC_SK13_109	4
SRR3349949	SRR3349963	1
SRR3360291	SRR3360341	1
SRR3360341	SRR3360342	5
SRR3360341	SRR3343653	20
ECDC_RB13001550	SRR3360342	3
SRR3343619	SRR3343653	29
SRR3343653	SRR3360941	28
SRR3343653	SRR3361309	46
SRR3349640	ECDC_RB13002252	1
SRR3357280	ECDC_RB13002252	1
ECDC_RB13002252	SRR3349335	1
ECDC_RB13002252	SRR3360941	30
NGPT13029	ECDC_GE13_093	38
ECDC_GE13_095	ECDC_GE13_093	28
ECDC_GE13_093	SRR3361309	54
SRR3360880	SRR3360818	12
SRR3360880	SRR3360941	19
SRR3350266	SRR3350111	1
SRR3350111	SRR3360941	2
SRR3360941	SRR3360959	23
SRR3360839	SRR3360818	16
SRR3360818	SRR3360952	6
SRR3349991	ECDC_GC_107	5
ECDC_GC_107	ECDC_RB13001956	6
ECDC_GC_107	ECDC_BE13_497	13
ECDC_NL87	SRR3349646	1
ECDC_NL87	SRR3349638	2
ECDC_NL87	ECDC_BE13_497	7
ECDC_AT13_495	ECDC_AT13_518	14
ECDC_AT13_518	ECDC_HU13_048	11
ECDC_AT13_518	ECDC_IT2927	12
ECDC_AT13_518	ECDC_GE13_090	13
ECDC_AT13_518	ECDC_ES006	14
ECDC_AT13_518	ECDC_SK13_086	14
ECDC_AT13_518	ECDC_BE13_475	15
ECDC_T2_ES012	ECDC_ES006	9
NGPT13075	NGPT17464	3
NGPT13075	ECDC_ES006	13
ECDC_GE13_063	ECDC_ES006	7
ECDC_BE13_494	ECDC_BE13_475	1
ECDC_BE13_475	ECDC_BE13_451	2
ECDC_HU13_048	SRR3360822	5
SRR3357080	ECDC_ES006	2
ECDC_GE13_102	ECDC_GE13_090	4
SRR3360822	SRR3360895	1
SRR3360822	SRR3360985	1
ECDC_HU13_078	ECDC_ES006	14
ECDC_NL42	NGPT13037	11
NGPT17475	NGPT13103	4
NGPT13103	ECDC_BE13_454	16
ECDC_BE13_454	NGPT13037	10
ECDC_BE13_454	ECDC_BE13_480	10
ECDC_BE13_454	ECDC_ES004	11
ECDC_BE13_454	ECDC_IT2927	12
NGPT13037	ECDC_BE13_455	14
ECDC_IT2927	SRR3361345	99
SRR3349246	SRR3349520	1
SRR3349246	SRR3343484	1
SRR3349246	SRR3349215	1
SRR3357262	SRR3350218	1
SRR3343484	SRR3349661	1
SRR3343484	SRR3350218	3
SRR3350218	ECDC_T2_ES013	8
NGPT16169	NGPT15084	3
NGPT15084	ECDC_T2_ES013	8
SRR3360732	SRR3361316	26
ECDC_SE13_098	NGPT08046	148
NGPT08046	NGPT11040	29
NGPT11040	SRR3360831	5
ECDC_DK13_468	SRR3361309	361
SRR3360623	SRR3361309	1
SRR3361309	SRR3361221	2
SRR3361309	SRR3361313	60
SRR3349820	SRR3349853	1
SRR3360819	SRR3360997	3
SRR3360819	SRR3361011	5
SRR3360819	S078	49
SRR3343602	SRR3343502	1
SRR3343602	SRR3361333	26
SRR3343602	S078	42
SRR3349578	SRR3349584	2
SRR3349578	S078	71
SRR3349584	SRR3349722	2
S358	S078	4
S349	S366	5
S329	S078	6
S329	S041	6
S526	S522	2
S515	S522	3
S511	S378	6
S441	S078	6
S361	S346	3
S361	S378	4
S158	S149	5
S346	NS031	4
S346	NS055	5
S377	S096	6
S514	S493	1
S514	S078	2
S491	S522	4
S253	S257	1
S253	S078	2
S098	S078	1
S098	S092	7
S474	S478	1
S474	S306	2
S433	S378	1
S433	S481	7
S433	S509	7
S433	S453	7
S378	S438	1
S378	S306	2
S378	S387	2
S378	S339	2
S378	S320	5
S378	S364	5
S378	S311	5
S378	S458	5
S378	S449	6
S306	S155	1
S306	S283	2
S306	S353	3
S306	S352	7
S058	S081	1
S401	S078	1
S081	S078	1
S142	S078	2
S078	S155	1
S078	S359	1
S078	S149	1
S078	S425	1
S078	S163	1
S078	S463	1
S078	S316	1
S078	S006	3
S078	S096	3
S078	S310	3
S078	S508	4
S078	S419	7
S078	S448	8
S152	S149	1
S149	S153a	7
S283	S522	1
S283	S366	2
S283	S492	3
S283	S368	4
S283	NS028	7
S283	S464	7
S283	S465	7
S283	NS056	9
S478	S360	2
S316	S203	3
S316	S319	4
S096	NS105	7
S366	NS008	6
NS101	S310	7
S446	S465	9
S310	S105	2
S310	S079	5
S310	S330	6
S105	S524	4
S438	S461	6
S438	S488	7
SRR3349172	ECDC_GC_104	13
SRR3350098	SRR3349524	1
SRR3349524	SRR3350233	6
ECDC_SE13_055	ECDC_SI13_021	16
ECDC_SE13_055	ECDC_GC_065	61
SRR3349197	SRR3360774	269
NGPT17422	NGPT17394	6
NGPT17394	ECDC_SE13_091	32
NGPT10055	ECDC_SE13_091	32
SRR3349546	ECDC_SE13_091	2
SRR3350091	SRR3349569	1
SRR3350091	SRR3350094	7
SRR3349569	SRR3357022	1
SRR3349569	SRR3349636	1
SRR3349569	SRR3349553	3
SRR3349569	SRR3349679	3
SRR3349569	SRR3350135	5
SRR3349569	SRR3350124	7
SRR3349569	SRR3350241	40
NGPT17442	NGPT15059	8
NGPT17049	NGPT17051	12
NGPT15059	NGPT17051	13
NGPT17051	NGPT17407	11
NGPT10007	NGPT10039	1
NGPT10029	NGPT10039	2
NGPT10011	NGPT13005	1
NGPT10011	NGPT13032	1
NGPT10011	NGPT13067	1
NGPT10011	NGPT13033	1
NGPT13010	NGPT13033	2
SRR3361180	SRR3357030	2
SRR3357143	SRR3361313	19
ECDC_LV13_023	SRR3361345	7
ECDC_RB13001986	SRR3349592	1
ECDC_RB13001986	SRR3349237	12
SRR3343504	SRR3349237	1
SRR3349237	SRR3343482	1
SRR3349237	SRR3361226	1
SRR3349237	SRR3343670	1
SRR3349237	SRR3360845	2
SRR3349237	ECDC_RB13001982	4
SRR3349237	SRR3360986	9
SRR3349237	SRR3360635	18
SRR3349237	NGPT13002	26
ECDC_RB13001982	ECDC_RB13001971	1
SRR3350169	SRR3343670	15
NGPT13002	NGPT13042	37
NGPT13042	NGPT13095	2
ECDC_T2_ES043	SRR3360679	6
ECDC_RB13001981	ECDC_T2_ES055	5
ECDC_NL84	SRR3357357	10
ECDC_NL84	SRR3360635	34
SRR3349539	SRR3349577	2
SRR3349577	SRR3361261	4
SRR3357350	ECDC_T2_ES055	8
NGPT16293	SRR3360679	14
ECDC_FR13_096	SRR3360679	2
SRR3349928	SRR3360679	2
SRR3360679	ECDC_T2_ES055	1
SRR3360679	NGPT13101	2
SRR3360679	ECDC_FR13_086	3
SRR3360679	ECDC_RB13001975	3
SRR3360679	SRR3349675	4
SRR3360679	SRR3360635	5
ECDC_T2_ES055	SRR3361225	2
NGPT13101	ECDC_NL41	3
SRR3349956	SRR3357134	4
SRR3361261	SRR3343562	1
SRR3361261	SRR3360635	3
SRR3357040	SRR3357134	4
SRR3357040	SRR3360635	6
SRR3360635	SRR3360696	1
SRR3360635	SRR3360690	1
SRR3343562	SRR3361231	1
ECDC_NL68	ECDC_NL41	1
ECDC_MT13_003	SRR3360627	78
NGPT06027	NGPT08011	1
NGPT06027	NGPT07076	3
NGPT06027	NGPT09035	20
NGPT07076	NGPT08017	8
NGPT09035	SRR3360627	65
SRR3349552	ECDC_FR13_069	42
ECDC_FR13_069	SRR3360627	62
